pBrakeF1,rThrottlePedal,vCar
0.1,100,231.2
0.1,100,231.4
0.1,100,231.5
0.1,100,231.7
0.1,100,231.8
0.1,100,231.9
0.1,100,232.1
0.1,100,232.2
0.1,100,232.3
0.1,100,232.5
0.1,100,232.6
0.1,100,232.7
0.1,100,232.9
0.1,100,233
0.1,100,233.1
0.1,100,233.2
0.1,100,233.4
0.1,100,233.5
0.1,100,233.6
0.1,100,233.7
0.1,100,233.9
0.1,100,234
0.1,100,234.1
0.1,100,234.2
0.1,100,234.3
0.1,100,234.5
0.1,100,234.6
0.1,100,234.7
0.1,100,234.8
0.1,100,234.9
0.1,100,235
0.1,100,235.1
0.1,100,235.3
0.1,100,235.4
0.1,100,235.5
0.1,100,235.6
0.1,100,235.7
0.1,100,235.8
0.1,100,235.9
0.1,100,236
0.1,100,236.1
0.1,100,236.2
0.1,100,236.3
0.1,100,236.4
0.1,100,236.5
0.1,100,236.6
0.1,100,236.7
0.1,100,236.8
0.1,100,236.9
0.1,100,237
0.1,100,237.1
0.1,100,237.2
0.1,100,237.3
0.1,100,237.4
0.1,100,237.5
0.1,100,237.6
0.1,100,237.7
0.1,100,237.8
0.1,100,237.9
0.1,100,238
0.1,100,238.1
0.1,100,238.2
0.1,100,238.3
0.1,100,238.4
0.1,100,238.5
0.1,100,238.6
0.1,100,238.7
0.1,100,238.8
0.1,100,238.9
0.1,100,238.9
0.1,100,239
0.1,100,239.1
0.1,100,239.2
0.1,100,239.3
0.1,100,239.4
0.1,100,239.5
0.1,100,239.6
0.1,100,239.7
0.1,100,239.8
0.1,100,239.8
0.1,100,239.9
0.1,100,240
0.1,100,240.1
0.1,100,240.2
0.1,100,240.3
0.1,100,240.4
0.1,100,240.5
0.1,100,240.6
0.1,100,240.6
0.1,100,240.7
0.1,100,240.8
0.1,100,240.9
0.1,100,241
0.1,100,241.1
0.1,100,241.2
0.1,100,241.2
0.1,100,241.3
0.1,100,241.4
0.1,100,241.5
0.1,100,241.6
0.1,100,241.7
0.1,100,241.7
0.1,100,241.8
0.1,100,241.9
0.1,100,242
0.1,100,242.1
0.1,100,242.1
0.1,100,242.2
0.1,100,242.3
0.1,100,242.4
0.1,100,242.5
0.1,100,242.6
0.1,100,242.6
0.1,100,242.7
0.1,100,242.8
0.1,100,242.9
0.1,100,242.9
0.1,100,243
0.1,100,243.1
0.1,100,243.2
0.1,100,243.3
0.1,100,243.3
0.1,100,243.4
0.1,100,243.5
0.1,100,243.6
0.1,100,243.6
0.1,100,243.7
0.1,100,243.8
0.1,100,243.9
0.1,100,243.9
0.1,100,244
0.1,100,244.1
0.1,100,244.2
0.1,100,244.2
0.1,100,244.3
0.1,100,244.4
0.1,100,244.4
0.1,100,244.5
0.1,100,244.6
0.1,100,244.6
0.1,100,244.7
0.1,100,244.8
0.1,100,244.9
0.1,100,244.9
0.1,100,245
0.1,100,245.1
0.1,100,245.1
0.1,100,245.2
0.1,100,245.3
0.1,100,245.3
0.1,100,245.4
0.1,100,245.5
0.1,100,245.5
0.1,100,245.6
0.1,100,245.7
0.1,100,245.7
0.1,100,245.8
0.1,100,245.8
0.1,100,245.9
0.1,100,246
0.1,100,246
0.1,100,246.1
0.1,100,246.2
0.1,100,246.2
0.1,100,246.3
0.1,100,246.3
0.1,100,246.4
0.1,100,246.5
0.1,100,246.5
0.1,100,246.6
0.1,100,246.6
0.1,100,246.7
0.1,100,246.8
0.1,100,246.8
0.1,100,246.9
0.1,100,246.9
0.1,100,247
0.1,100,247
0.1,100,247.1
0.1,100,247.2
0.1,100,247.2
0.1,100,247.3
0.1,100,247.3
0.1,100,247.4
0.1,100,247.4
0.1,100,247.5
0.1,100,247.5
0.1,100,247.6
0.1,100,247.6
0.1,100,247.7
0.1,100,247.7
0.1,100,247.8
0.1,100,247.8
0.1,100,247.9
0.1,100,247.9
0.1,100,248
0.1,100,248
0.1,100,248.1
0.1,100,248.1
0.1,100,248.2
0.1,100,248.2
0.1,100,248.3
0.1,100,248.3
0.1,100,248.4
0.1,100,248.4
0.1,100,248.5
0.1,100,248.5
0.1,100,248.6
0.1,100,248.6
0.1,100,248.7
0.1,100,248.7
0.1,100,248.7
0.1,100,248.8
0.1,100,248.8
0.1,100,248.9
0.1,100,248.9
0.1,100,249
0.1,100,249
0.1,100,249
0.1,100,249.1
0.1,100,249.1
0.1,100,249.2
0.1,100,249.2
0.1,100,249.3
0.1,100,249.3
0.1,100,249.3
0.1,100,249.4
0.1,100,249.4
0.1,100,249.5
0.1,100,249.5
0.1,100,249.5
0.1,100,249.6
0.1,100,249.6
0.1,100,249.7
0.1,100,249.7
0.1,100,249.7
0.1,100,249.8
0.1,100,249.8
0.1,100,249.8
0.1,100,249.9
0.1,100,249.9
0.1,100,249.9
0.1,100,250
0.1,100,250
0.1,100,250.1
0.1,100,250.1
0.1,100,250.1
0.1,100,250.2
0.1,100,250.2
0.1,100,250.2
0.1,100,250.3
0.1,100,250.3
0.1,100,250.3
0.1,100,250.4
0.1,100,250.4
0.1,100,250.4
0.1,100,250.5
0.1,100,250.5
0.1,100,250.5
0.1,100,250.6
0.1,100,250.6
0.1,100,250.6
0.1,100,250.7
0.1,100,250.7
0.1,100,250.7
0.1,100,250.7
0.1,100,250.8
0.1,100,250.8
0.1,100,250.8
0.1,100,250.9
0.1,100,250.9
0.1,100,250.9
0.1,100,251
0.1,100,251
0.1,100,251
0.1,100,251
0.1,100,251.1
0.1,100,251.1
0.1,100,251.1
0.1,100,251.2
0.1,100,251.2
0.1,100,251.2
0.1,100,251.2
0.1,100,251.3
0.1,100,251.3
0.1,100,251.3
0.1,100,251.3
0.1,100,251.4
0.1,100,251.4
0.1,100,251.4
0.1,100,251.4
0.1,100,251.5
0.1,100,251.5
0.1,100,251.5
0.1,100,251.5
0.1,100,251.6
0.1,100,251.6
0.1,100,251.6
0.1,100,251.6
0.1,100,251.7
0.1,100,251.7
0.1,100,251.7
0.1,100,251.7
0.1,100,251.8
0.1,100,251.8
0.1,100,251.8
0.1,100,251.8
0.1,100,251.9
0.1,100,251.9
0.1,100,251.9
0.1,100,251.9
0.1,100,251.9
0.1,100,252
0.1,100,252
0.1,100,252
0.1,100,252
0.1,100,252.1
0.1,99.9,252.1
0.1,100,252.1
0.1,100,252.1
0.1,100,252.1
0.1,100,252.2
0.1,100,252.2
0.1,100,252.2
0.1,100,252.2
0.1,100,252.2
0.1,100,252.3
0.1,99.9,252.3
0.1,100,252.3
0.1,100,252.3
0.1,100,252.3
0.1,100,252.4
0.1,100,252.4
0.1,100,252.4
0.1,100,252.4
0.1,100,252.4
0.1,100,252.4
0.1,99.9,252.5
0.1,99.9,252.5
0.1,100,252.5
0.1,100,252.5
0.1,100,252.5
0.1,100,252.6
0.1,100,252.6
0.1,100,252.6
0.1,100,252.6
0.1,100,252.6
0.1,100,252.6
0.1,99.9,252.7
0.1,100,252.7
0.1,100,252.7
0.1,100,252.7
0.1,100,252.7
0.1,100,252.7
0.1,100,252.8
0.1,100,252.8
0.1,100,252.8
0.1,100,252.8
0.1,99.9,252.8
0.1,99.9,252.8
0.1,100,252.9
0.1,100,252.9
0.1,100,252.9
0.1,100,252.9
0.1,100,252.9
0.1,100,252.9
0.1,100,252.9
0.1,100,253
0.1,99.9,253
0.1,99.9,253
0.1,100,253
0.1,100,253
0.1,100,253
0.1,100,253
0.1,100,253.1
0.1,100,253.1
0.1,100,253.1
0.1,100,253.1
0.1,99.9,253.1
0.1,99.9,253.1
0.1,99.9,253.1
0.1,100,253.2
0.1,100,253.2
0.1,100,253.2
0.1,100,253.2
0.1,100,253.2
0.1,100,253.2
0.1,100,253.2
0.1,99.9,253.2
0.1,99.9,253.3
0.1,99.9,253.3
0.1,100,253.3
0.1,100,253.3
0.1,100,253.3
0.1,100,253.3
0.1,100,253.3
0.1,100,253.3
0.1,100,253.4
0.1,99.9,253.4
0.1,99.9,253.4
0.1,99.9,253.4
0.1,99.9,253.4
0.1,100,253.4
0.1,100,253.4
0.1,100,253.4
0.1,100,253.4
0.1,100,253.5
0.1,100,253.5
0.1,99.9,253.5
0.1,99.9,253.5
0.1,99.9,253.5
0.1,99.9,253.5
0.1,99.9,253.5
0.1,99.9,253.5
0.1,99.9,253.5
0.1,99.9,253.5
0.1,99.9,253.6
0.1,99.9,253.6
0.1,99.9,253.6
0.1,99.7,253.6
0.1,99.6,253.6
0.1,99.5,253.6
0.1,99.3,253.6
0.1,99,253.6
0.1,98.6,253.6
0.1,98.2,253.6
0.1,97.8,253.6
0.1,97.4,253.6
0.1,96.9,253.6
0.1,96.3,253.6
0.1,95.7,253.6
0.1,95,253.6
0.1,94.4,253.6
0.1,93.7,253.5
0.1,92.5,253.5
0.1,91.3,253.5
0.1,90,253.4
0.1,88.8,253.4
0.1,87.6,253.4
0.1,85.2,253.3
0.1,82.9,253.2
0.1,80.5,253.1
0.1,77.8,253
0.1,74.5,252.9
0.1,70.5,252.7
0.1,66.5,252.6
0.1,62.5,252.4
0.1,58.5,252.2
0.1,54.1,252
0.1,49.5,251.8
0.1,44.8,251.5
0.1,40.1,251.2
0.1,35.3,250.9
0.2,30.7,250.5
0.2,26.1,250.1
0.3,21.5,249.7
0.3,16.9,249.3
0.6,12.7,248.8
0.9,8.8,248.3
1.3,4.8,247.8
2.7,2.2,247.2
5.9,1.1,246.5
10.9,0.8,245.6
15.9,0.6,244.8
20.9,0.3,243.9
27.4,0.2,242.8
35.2,0.1,241.4
43,0.1,240
51.5,0.1,238.2
59.1,0.1,235.6
65.4,0.1,232.6
71.8,0.1,229.6
78.1,0.1,226.6
81.9,0,223.3
84.7,0,219.9
87.5,0,216.5
89,0,213.1
87.9,0,209.8
85.9,0,206.6
83.8,0,203.3
81.7,0,200.1
78.6,0.1,197.1
75.3,0.1,194.2
72,0.1,191.3
69.3,0.1,188.5
66.6,0.1,185.9
63.8,0.1,183.4
61.1,0.1,181
58.3,0.1,178.5
55.6,0.1,176.2
53.1,0.1,174
50.5,0.1,171.8
48.1,0.1,169.7
45.8,0.1,167.7
43.7,0.1,165.8
41.6,0.1,164
39.4,0.1,162.2
37.3,0.1,160.4
35.4,0.1,158.7
33.6,0.1,157.1
31.7,0.1,155.5
30.1,0.1,154.1
28.7,0.1,152.7
27.5,0.1,151.3
26.2,0.2,150
25,0.2,148.7
23.8,0.2,147.4
22.9,0.2,146.2
22,0.2,145
21,0.2,143.8
20.2,0.2,142.7
19.5,0.2,141.6
18.8,0.2,140.6
18.2,0.2,139.6
17.5,0.2,138.6
16.8,0.2,137.6
16.3,0.2,136.6
15.7,0.3,135.7
15.2,0.3,134.8
14.7,0.3,133.9
14.2,0.3,133.1
13.8,0.3,132.3
13.4,0.3,131.4
13,0.3,130.6
12.6,0.3,129.8
12.3,0.3,129
12,0.3,128.3
11.6,0.3,127.5
11.3,0.4,126.8
11,0.4,126
10.4,0.4,125.3
9.8,0.4,124.6
9.1,0.4,123.9
8.5,0.5,123.2
8,0.5,122.6
7.5,0.5,122
7,0.6,121.4
6.8,0.6,120.8
7.2,0.6,120.2
6.9,0.6,119.7
6.4,0.7,119.2
5.9,0.8,118.8
5.4,0.8,118.3
4.8,1,117.8
3.9,1.4,117.5
3,1.8,117.1
2.1,2.2,116.7
1.6,2.8,116.4
1.3,3.4,116.2
1.2,4,115.9
1.1,4.5,115.6
0.9,5,115.4
0.8,5.5,115.1
0.7,5.8,114.9
0.7,6,114.6
0.7,6.2,114.4
0.7,6.3,114.2
0.7,6.3,113.9
0.7,6.2,113.7
0.7,6,113.5
0.7,5.9,113.2
0.7,5.8,113
0.8,5.6,112.7
0.8,5.4,112.5
0.8,5.2,112.3
0.9,5,112
0.9,4.8,111.7
0.9,5.4,111.5
0.7,6.8,111.3
0.6,8.2,111.1
0.5,9.7,110.9
0.4,11.1,110.7
0.4,13.3,110.5
0.3,15.6,110.4
0.3,18,110.3
0.2,20.2,110.3
0.2,22.3,110.3
0.2,23.7,110.3
0.2,25.1,110.4
0.2,26.6,110.5
0.2,28,110.5
0.2,29.4,110.6
0.2,30.7,110.8
0.1,31.9,110.9
0.1,33.2,111
0.1,34.6,111.2
0.1,36.1,111.4
0.1,37.9,111.7
0.1,39.7,112
0.1,41.5,112.2
0.1,43.4,112.5
0.1,45.4,112.8
0.1,47.6,113.2
0.1,49.8,113.6
0.1,52.1,114
0.1,54.5,114.4
0.1,57.1,115
0.1,59.8,115.5
0.1,62.5,116.1
0.1,65.1,116.6
0.1,67.8,117.1
0.1,70.6,117.8
0.1,73.3,118.4
0.1,76.1,119.1
0.1,78.9,119.8
0.1,81.6,120.5
0.1,84.3,121.3
0.1,86.9,122.1
0.1,89.6,122.9
0.1,92.2,123.6
0.1,94.5,124.5
0.1,96.5,125.3
0.1,98.4,126.2
0.1,99.9,127
0.1,100,127.9
0.1,100,128.8
0.1,100,129.6
0.1,100,130.5
0.1,100,131.3
0.1,100,132.1
0.1,100,133
0.1,100,133.8
0.1,100,134.6
0.1,100,135.3
0.1,100,136.1
0.1,100,136.9
0.1,100,137.7
0.1,100,138.5
0.1,99.8,139.3
0.1,98.7,140
0.1,97.5,140.7
0.1,96.4,141.5
0.1,94.1,142.2
0.1,90.9,142.8
0.1,86.9,143.3
0.1,83,143.9
0.1,79,144.5
0.1,75,145
0.1,70.8,145.4
0.1,66.7,145.7
0.1,62.5,146.1
0.1,58.6,146.4
0.1,55.3,146.6
0.1,52.3,146.8
0.1,49.3,146.9
0.1,46.3,147.1
0.1,43.5,147.2
0.1,41.4,147.3
0.1,39.3,147.4
0.1,37.3,147.4
0.1,35.8,147.4
0.1,34.8,147.4
0.1,33.9,147.4
0.1,33,147.4
0.1,32.2,147.3
0.1,31.6,147.3
0.1,31.5,147.3
0.1,31.5,147.2
0.1,31.5,147.2
0.1,31.8,147.1
0.1,32.5,147.1
0.1,33.3,147.1
0.1,34.1,147.1
0.1,34.9,147.1
0.1,36,147.1
0.1,37.5,147.1
0.1,39,147.1
0.1,40.6,147.1
0.1,42.5,147.2
0.1,45,147.3
0.1,47.6,147.4
0.1,50.2,147.6
0.1,52.8,147.7
0.1,55.5,147.9
0.1,58.7,148.1
0.1,61.9,148.4
0.1,65.1,148.6
0.1,68.4,148.9
0.1,71.6,149.3
0.1,74.6,149.7
0.1,77.7,150.1
0.1,80.8,150.5
0.1,83.7,150.9
0.1,86.2,151.4
0.1,88.7,151.9
0.1,91.1,152.4
0.1,93.3,152.9
0.1,94.9,153.4
0.1,96.3,154
0.1,97.6,154.6
0.1,98.9,155.1
0.1,100,155.7
0.1,100,156.2
0.1,99.9,156.8
0.1,99.9,157.4
0.1,100,157.9
0.1,100,158.5
0.1,100,159.1
0.1,100,159.6
0.1,100,160.2
0.1,100,160.7
0.1,100,161.3
0.1,100,161.8
0.1,100,162.4
0.1,100,162.9
0.1,100,163.5
0.1,100,164
0.1,100,164.6
0.1,100,165.1
0.1,100,165.7
0.1,100,166.2
0.1,100,166.7
0.1,100,167.3
0.1,100,167.8
0.1,100,168.3
0.1,100,168.9
0.1,100,169.4
0.1,100,169.9
0.1,100,170.4
0.1,100,170.9
0.1,100,171.5
0.1,99.9,172
0.1,100,172.5
0.1,100,173
0.1,100,173.5
0.1,100,174
0.1,100,174.5
0.1,100,174.9
0.1,100,175.4
0.1,100,175.9
0.1,99.9,176.4
0.1,100,176.9
0.1,100,177.4
0.1,100,177.8
0.1,100,178.3
0.1,100,178.8
0.1,100,179.3
0.1,100,179.7
0.1,99.9,180.2
0.1,99.9,180.7
0.1,100,181.1
0.1,100,181.6
0.1,100,182
0.1,100,182.5
0.1,100,182.9
0.1,100,183.4
0.1,100,183.8
0.1,99.9,184.3
0.1,99.9,184.7
0.1,99.9,185.1
0.1,100,185.5
0.1,100,185.9
0.1,100,186.3
0.1,100,186.8
0.1,100,187.2
0.1,100,187.5
0.1,99.9,187.9
0.1,99.9,188.3
0.1,99.9,188.7
0.1,100,189
0.1,99.9,189.3
0.1,99.7,189.7
0.1,99.6,190
0.1,99.5,190.4
0.1,98.9,190.7
0.1,97.6,191
0.1,96.3,191.3
0.1,94.9,191.6
0.1,92.9,191.8
0.1,90.1,192
0.1,87,192.2
0.1,83.9,192.4
0.1,80.8,192.6
0.1,77.8,192.8
0.1,75.1,192.9
0.1,72.3,192.9
0.1,69.6,193
0.1,67.9,193.1
0.1,66.7,193.1
0.1,66,193.1
0.1,65.4,193.1
0.1,64.7,193.1
0.1,64,193.1
0.1,63.9,193.1
0.1,63.9,193.1
0.1,63.9,193.1
0.1,64,193.1
0.1,64.1,193.1
0.1,64,193.1
0.1,63.9,193.1
0.1,63.8,193.1
0.1,63.7,193.1
0.1,63.3,193.1
0.1,62.8,193.1
0.1,62.3,193.1
0.1,61.7,193.1
0.1,60.9,193.1
0.1,59.8,193
0.1,58.7,193
0.1,57.7,192.9
0.1,56.6,192.9
0.1,55.4,192.8
0.1,54.3,192.8
0.1,53.1,192.7
0.1,51.9,192.6
0.1,51,192.5
0.1,50.2,192.4
0.1,49.5,192.3
0.1,48.7,192.2
0.1,48,192.1
0.1,47.6,191.9
0.1,47.2,191.8
0.1,46.8,191.7
0.1,46.8,191.5
0.1,46.9,191.4
0.1,47.1,191.3
0.1,47.3,191.2
0.1,47.5,191
0.1,47.8,190.9
0.1,48.2,190.8
0.1,48.6,190.7
0.1,49.1,190.5
0.1,49.7,190.4
0.1,50.4,190.3
0.1,51.1,190.2
0.1,51.8,190.1
0.1,52.5,190
0.1,53.3,190
0.1,54.1,189.9
0.1,55,189.8
0.1,55.9,189.8
0.1,56.9,189.7
0.1,57.9,189.7
0.1,58.9,189.6
0.1,60,189.6
0.1,61,189.6
0.1,62.2,189.6
0.1,63.3,189.5
0.1,64.5,189.5
0.1,65.7,189.6
0.1,66.9,189.6
0.1,68.1,189.6
0.1,69.2,189.7
0.1,70.4,189.7
0.1,71.5,189.8
0.1,72.5,189.9
0.1,73.5,189.9
0.1,74.5,190
0.1,75.2,190.1
0.1,76,190.2
0.1,76.7,190.3
0.1,77.4,190.4
0.1,78,190.5
0.1,78.5,190.7
0.1,79,190.8
0.1,79.5,190.9
0.1,79.9,191.1
0.1,80.3,191.2
0.1,80.6,191.3
0.1,81,191.5
0.1,81.3,191.6
0.1,81.6,191.8
0.1,82,191.9
0.1,82.3,192.1
0.1,82.7,192.2
0.1,83.1,192.4
0.1,83.5,192.5
0.1,83.9,192.7
0.1,84.3,192.9
0.1,84.8,193
0.1,85.3,193.2
0.1,85.8,193.4
0.1,86.3,193.5
0.1,86.9,193.7
0.1,87.6,193.9
0.1,88.2,194.1
0.1,88.9,194.3
0.1,89.5,194.5
0.1,90.3,194.7
0.1,91,194.9
0.1,91.7,195.1
0.1,92.6,195.3
0.1,93.4,195.5
0.1,94.2,195.8
0.1,95,196
0.1,95.7,196.2
0.1,96.5,196.4
0.1,97.1,196.7
0.1,97.8,196.9
0.1,98.4,197.2
0.1,98.9,197.4
0.1,99.2,197.7
0.1,99.4,197.9
0.1,99.7,198.2
0.1,100,198.4
0.1,100,198.7
0.1,100,198.9
0.1,99.9,199.1
0.1,100,199.4
0.1,100,199.6
0.1,100,199.9
0.1,100,200.1
0.1,100,200.3
0.1,100,200.6
0.1,100,200.8
0.1,100,201
0.1,100,201.2
0.1,100,201.5
0.1,100,201.7
0.1,100,201.9
0.1,100,202.1
0.1,100,202.4
0.1,100,202.6
0.1,100,202.8
0.1,100,203
0.1,100,203.3
0.1,100,203.5
0.1,100,203.7
0.1,100,203.9
0.1,100,204.2
0.1,100,204.4
0.1,100,204.6
0.1,100,204.8
0.1,100,205
0.1,100,205.3
0.1,100,205.5
0.1,100,205.7
0.1,100,205.9
0.1,100,206.1
0.1,100,206.4
0.1,100,206.6
0.1,100,206.8
0.1,100,207
0.1,100,207.2
0.1,100,207.4
0.1,100,207.6
0.1,100,207.8
0.1,100,208
0.1,100,208.2
0.1,100,208.4
0.1,100,208.6
0.1,100,208.8
0.1,100,209
0.1,100,209.2
0.1,100,209.4
0.1,100,209.6
0.1,100,209.8
0.1,100,210
0.1,100,210.2
0.1,100,210.4
0.1,100,210.6
0.1,100,210.8
0.1,100,211
0.1,100,211.1
0.1,100,211.3
0.1,100,211.5
0.1,100,211.7
0.1,100,211.9
0.1,100,212.1
0.1,100,212.3
0.1,100,212.5
0.1,100,212.7
0.1,100,212.9
0.1,100,213
0.1,100,213.2
0.1,100,213.4
0.1,100,213.6
0.1,100,213.8
0.1,100,214
0.1,100,214.2
0.1,100,214.4
0.1,100,214.6
0.1,100,214.8
0.1,100,215
0.1,100,215.2
0.1,100,215.4
0.1,100,215.6
0.1,100,215.8
0.1,100,215.9
0.1,100,216.1
0.1,100,216.3
0.1,100,216.5
0.1,100,216.7
0.1,100,216.9
0.1,100,217.1
0.1,100,217.3
0.1,100,217.5
0.1,100,217.7
0.1,100,217.9
0.1,100,218.1
0.1,100,218.3
0.1,100,218.5
0.1,100,218.6
0.1,100,218.8
0.1,100,219
0.1,100,219.2
0.1,100,219.4
0.1,100,219.6
0.1,100,219.7
0.1,100,219.9
0.1,100,220.1
0.1,100,220.3
0.1,100,220.5
0.1,100,220.7
0.1,100,220.8
0.1,100,221
0.1,100,221.2
0.1,100,221.4
0.1,100,221.5
0.1,100,221.7
0.1,100,221.9
0.1,100,222
0.1,100,222.2
0.1,100,222.4
0.1,100,222.6
0.1,100,222.7
0.1,100,222.9
0.1,100,223.1
0.1,100,223.2
0.1,100,223.4
0.1,100,223.6
0.1,100,223.7
0.1,100,223.9
0.1,100,224.1
0.1,100,224.2
0.1,100,224.4
0.1,100,224.6
0.1,100,224.7
0.1,100,224.9
0.1,100,225
0.1,100,225.2
0.1,100,225.4
0.1,100,225.5
0.1,100,225.7
0.1,100,225.9
0.1,100,226
0.1,100,226.2
0.1,100,226.3
0.1,100,226.5
0.1,100,226.7
0.1,100,226.8
0.1,100,227
0.1,100,227.1
0.1,99.9,227.3
0.1,100,227.4
0.1,100,227.6
0.1,100,227.8
0.1,100,227.9
0.1,100,228.1
0.1,100,228.2
0.1,100,228.4
0.1,100,228.5
0.1,99.9,228.7
0.1,100,228.8
0.1,100,229
0.1,100,229.1
0.1,100,229.3
0.1,100,229.4
0.1,100,229.6
0.1,100,229.7
0.1,100,229.9
0.1,100,230
0.1,99.9,230.2
0.1,100,230.3
0.1,100,230.5
0.1,100,230.6
0.1,100,230.7
0.1,100,230.9
0.1,100,231
0.1,100,231.2
0.1,100,231.3
0.1,99.9,231.4
0.1,99.9,231.6
0.1,100,231.7
0.1,100,231.8
0.1,100,232
0.1,100,232.1
0.1,100,232.3
0.1,100,232.4
0.1,100,232.5
0.1,100,232.6
0.1,99.9,232.8
0.1,99.9,232.9
0.1,100,233
0.1,100,233.2
0.1,100,233.3
0.1,100,233.4
0.1,100,233.5
0.1,100,233.7
0.1,100,233.8
0.1,99.9,233.9
0.1,99.9,234
0.1,99.9,234.1
0.1,100,234.3
0.1,100,234.4
0.1,100,234.5
0.1,100,234.6
0.1,100,234.7
0.1,100,234.8
0.1,100,235
0.1,99.9,235.1
0.1,99.9,235.2
0.1,99.9,235.3
0.1,100,235.4
0.1,100,235.5
0.1,100,235.6
0.1,100,235.7
0.1,100,235.8
0.1,100,236
0.1,99.9,236.1
0.1,99.9,236.2
0.1,99.9,236.3
0.1,99.9,236.4
0.1,100,236.5
0.1,100,236.6
0.1,100,236.7
0.1,100,236.8
0.1,100,236.9
0.1,100,237
0.1,99.9,237.1
0.1,99.9,237.2
0.1,99.9,237.3
0.1,99.9,237.4
0.1,99.9,237.5
0.1,99.8,237.6
0.1,99.6,237.7
0.1,99.4,237.7
0.1,99.3,237.8
0.1,99.1,237.9
0.1,98.6,238
0.1,98.2,238.1
0.1,97.7,238.2
0.1,97.2,238.3
0.1,96.6,238.3
0.1,95.9,238.4
0.1,95.1,238.5
0.1,94.4,238.5
0.1,93.6,238.6
0.1,92.8,238.7
0.1,91.1,238.7
0.1,89.4,238.7
0.1,87.7,238.8
0.1,85.5,238.8
0.1,82.9,238.8
0.1,79.2,238.7
0.1,75.5,238.7
0.1,71.7,238.6
0.1,68,238.6
0.1,63.9,238.5
0.1,59.1,238.3
0.1,54.4,238.2
0.1,49.6,238
0.1,44.5,237.8
0.1,39.4,237.6
0.2,34.3,237.3
0.2,29.3,237
0.2,24.2,236.7
0.3,19.3,236.3
0.4,14.8,235.9
0.6,10.3,235.5
0.9,5.9,235
2.2,2.4,234.5
6.2,1.5,233.7
10.5,1.1,233
14.9,0.7,232.2
19.3,0.3,231.4
24.3,0.2,230.4
29.4,0.2,229.3
34.4,0.1,228.1
40.6,0.1,227
46.1,0.1,225
51.1,0.1,222.7
56.1,0.1,220.4
61.2,0.1,218.1
63.8,0.1,215.3
65.8,0.1,212.5
67.8,0.1,209.6
67.7,0.1,206.8
65.9,0.1,204.1
63.4,0.1,201.5
60.9,0.1,198.9
58.3,0.1,196.3
55.9,0.1,193.8
53.5,0.1,191.5
51.1,0.1,189.1
48.8,0.1,186.9
46.7,0.1,184.8
44.8,0.1,182.8
42.9,0.1,180.8
41,0.1,178.8
39.2,0.1,176.8
37.8,0.1,175.1
36.3,0.1,173.3
34.8,0.1,171.5
33.4,0.1,169.9
32.1,0.1,168.4
30.8,0.1,166.9
29.5,0.1,165.3
28.2,0.1,163.8
27,0.2,162.4
25.9,0.2,161.1
24.8,0.2,159.8
23.7,0.2,158.5
22.8,0.2,157.2
21.9,0.2,156.1
21,0.2,155
20.1,0.2,153.8
19.3,0.2,152.7
18.5,0.2,151.6
17.7,0.2,150.6
17,0.2,149.6
16.2,0.2,148.6
15.6,0.3,147.7
15,0.3,146.8
14.4,0.3,146
13.8,0.3,145.1
13.2,0.3,144.2
12.7,0.3,143.4
12.2,0.3,142.6
11.7,0.3,141.8
11.3,0.3,141
11.1,0.3,140.3
11,0.3,139.5
11,0.4,138.8
10.9,0.4,138.1
10.8,0.4,137.3
10.4,0.4,136.6
9.7,0.4,135.9
9.1,0.5,135.3
8.3,0.5,134.6
7.4,0.6,134
7.7,0.6,133.4
8,0.5,132.8
8.3,0.5,132.2
8.6,0.5,131.6
8.6,0.5,131.1
8.4,0.5,130.6
8.2,0.5,130
7.5,0.6,129.5
5.9,0.8,129
4.7,1.5,128.6
3.7,2.4,128.2
2.6,3.3,127.8
1.5,4.1,127.5
0.9,5.1,127.1
0.8,6.3,126.9
0.6,7.5,126.6
0.5,8.5,126.4
0.5,9.3,126.2
0.5,9.7,126
0.4,9.9,125.8
0.4,10.1,125.6
0.4,10.4,125.4
0.4,10.5,125.2
0.4,10.3,125
0.4,10.2,124.8
0.4,10,124.6
0.4,9.8,124.4
0.5,9.7,124.2
0.5,9.5,123.9
0.5,9.3,123.7
0.5,9.1,123.5
0.5,9,123.3
0.5,8.9,123.1
0.5,8.7,122.9
0.5,8.6,122.6
0.5,8.5,122.4
0.5,8.4,122.2
0.5,8.3,122
0.5,8.2,121.7
0.5,8.1,121.5
0.6,8,121.3
0.6,7.8,121.1
0.6,7.6,120.9
0.6,7.4,120.6
0.6,7.4,120.4
0.6,7.5,120.2
0.6,7.6,119.9
0.6,7.8,119.7
0.5,8.2,119.5
0.5,9.3,119.3
0.4,10.4,119.1
0.4,11.7,118.9
0.3,13.6,118.7
0.3,15.4,118.6
0.3,17.3,118.6
0.2,19.1,118.5
0.2,20.9,118.4
0.2,22.3,118.4
0.2,23.5,118.4
0.2,24.7,118.4
0.2,25.8,118.4
0.2,26.6,118.4
0.2,27.1,118.4
0.2,27.7,118.5
0.2,28.2,118.6
0.2,28.7,118.6
0.2,29,118.7
0.2,29.2,118.8
0.2,29.4,118.8
0.2,29.6,118.9
0.1,29.7,119
0.1,29.9,119.1
0.1,30,119.2
0.1,30.2,119.3
0.1,30.4,119.4
0.1,30.7,119.5
0.1,31,119.6
0.1,31.4,119.7
0.1,31.9,119.8
0.1,32.5,120
0.1,33.2,120.1
0.1,34,120.2
0.1,34.7,120.4
0.1,35.5,120.5
0.1,36.4,120.7
0.1,37.3,120.9
0.1,38.2,121.1
0.1,39.2,121.3
0.1,40.1,121.5
0.1,41,121.7
0.1,41.9,121.9
0.1,42.9,122.2
0.1,43.8,122.4
0.1,44.6,122.7
0.1,45.4,122.9
0.1,46.3,123.2
0.1,47.1,123.5
0.1,47.8,123.8
0.1,48.6,124.1
0.1,49.3,124.4
0.1,50,124.7
0.1,50.8,125
0.1,51.5,125.3
0.1,52.2,125.6
0.1,52.9,126
0.1,53.6,126.3
0.1,54.3,126.6
0.1,55.1,127
0.1,55.8,127.4
0.1,56.5,127.7
0.1,57.2,128.1
0.1,58,128.4
0.1,58.8,128.8
0.1,59.5,129.2
0.1,60.3,129.5
0.1,61.1,129.9
0.1,62,130.3
0.1,62.9,130.7
0.1,63.7,131.1
0.1,64.6,131.5
0.1,65.5,131.9
0.1,66.3,132.4
0.1,67.2,132.8
0.1,68,133.2
0.1,68.7,133.6
0.1,69.2,134.1
0.1,69.8,134.5
0.1,70.3,135
0.1,70.9,135.4
0.1,71.5,135.9
0.1,72.2,136.4
0.1,72.9,136.9
0.1,73.5,137.4
0.1,74.4,137.8
0.1,75.4,138.4
0.1,76.5,138.9
0.1,77.6,139.4
0.1,78.7,139.9
0.1,79.8,140.4
0.1,81.1,141
0.1,82.4,141.6
0.1,83.7,142.1
0.1,85.1,142.7
0.1,86.5,143.2
0.1,87.7,143.8
0.1,88.9,144.4
0.1,90.1,145
0.1,91.4,145.6
0.1,92.5,146.2
0.1,93.5,146.8
0.1,94.6,147.4
0.1,95.7,148
0.1,96.8,148.7
0.1,97.5,149.3
0.1,98.2,149.9
0.1,98.9,150.5
0.1,99.6,151.1
0.1,100,151.7
0.1,100,152.4
0.1,100,153
0.1,100,153.6
0.1,100,154.2
0.1,100,154.8
0.1,100,155.4
0.1,100,155.9
0.1,100,156.5
0.1,100,157.1
0.1,100,157.7
0.1,100,158.2
0.1,100,158.8
0.1,100,159.4
0.1,100,159.9
0.1,100,160.5
0.1,100,161
0.1,100,161.6
0.1,100,162.1
0.1,100,162.7
0.1,100,163.2
0.1,100,163.8
0.1,100,164.3
0.1,100,164.9
0.1,100,165.4
0.1,100,166
0.1,100,166.5
0.1,100,167
0.1,100,167.6
0.1,100,168.1
0.1,100,168.6
0.1,100,169.2
0.1,100,169.7
0.1,100,170.2
0.1,100,170.7
0.1,100,171.2
0.1,100,171.7
0.1,100,172.2
0.1,100,172.7
0.1,100,173.2
0.1,100,173.6
0.1,100,174.1
0.1,100,174.6
0.1,100,175
0.1,100,175.5
0.1,100,176
0.1,100,176.4
0.1,100,176.9
0.1,100,177.3
0.1,100,177.8
0.1,100,178.2
0.1,100,178.6
0.1,100,179.1
0.1,100,179.5
0.1,100,179.9
0.1,100,180.4
0.1,100,180.8
0.1,100,181.2
0.1,100,181.6
0.1,100,182
0.1,100,182.5
0.1,100,182.9
0.1,100,183.3
0.1,100,183.7
0.1,100,184.1
0.1,100,184.5
0.1,100,184.9
0.1,100,185.3
0.1,100,185.7
0.1,100,186.1
0.1,100,186.4
0.1,100,186.8
0.1,100,187.2
0.1,100,187.6
0.1,100,188
0.1,100,188.4
0.1,100,188.8
0.1,100,189.1
0.1,99.9,189.5
0.1,100,189.9
0.1,100,190.3
0.1,100,190.7
0.1,100,191
0.1,100,191.4
0.1,100,191.8
0.1,100,192.2
0.1,100,192.6
0.1,99.9,192.9
0.1,99.9,193.3
0.1,100,193.7
0.1,100,194.1
0.1,100,194.4
0.1,100,194.8
0.1,100,195.2
0.1,100,195.6
0.1,100,195.9
0.1,99.9,196.3
0.1,99.9,196.7
0.1,99.9,197
0.1,100,197.4
0.1,100,197.7
0.1,100,198.1
0.1,100,198.4
0.1,100,198.8
0.1,100,199.1
0.1,99.9,199.5
0.1,99.9,199.8
0.1,99.9,200.2
0.1,100,200.5
0.1,100,200.8
0.1,100,201.2
0.1,100,201.5
0.1,100,201.8
0.1,100,202.2
0.1,99.9,202.5
0.1,99.9,202.8
0.1,99.9,203.1
0.1,99.9,203.5
0.1,100,203.8
0.1,99.9,204.1
0.1,99.8,204.4
0.1,99.8,204.7
0.1,99.7,205
0.1,99.5,205.3
0.1,99.1,205.6
0.1,98.7,205.9
0.1,98.2,206.2
0.1,97.6,206.5
0.1,96.9,206.8
0.1,96,207.1
0.1,95.1,207.3
0.1,94.2,207.6
0.1,93.3,207.9
0.1,91.5,208.1
0.1,89.2,208.3
0.1,87,208.5
0.1,84.5,208.7
0.1,81.1,208.9
0.1,76.7,209
0.1,72.1,209.1
0.1,67.5,209.2
0.1,63,209.3
0.1,58,209.3
0.1,52.5,209.2
0.1,47,209.2
0.1,41.5,209.1
0.1,36.2,209
0.2,30.6,208.8
0.3,24.9,208.6
0.3,19.2,208.3
0.4,13.4,208.1
1.8,9.2,207.7
3.8,5.6,207.3
5.8,2,206.9
11.4,0.5,206.5
19.2,0.3,205.5
27.3,0.2,203.8
35.5,0.2,202.1
43.6,0.1,200.3
50.5,0.1,198.2
56.4,0.1,195.6
62.3,0.1,193
67.3,0.1,190.4
70,0.1,187.7
70.3,0.1,185
70.7,0.1,182.3
71,0.1,179.6
70.4,0.1,177
68.6,0.1,174.4
66.9,0.1,171.9
65.6,0.1,169.3
64.5,0.1,166.9
63.1,0.1,164.6
61.7,0.1,162.3
60.3,0.1,160
58.8,0.1,157.7
57.3,0.1,155.6
55.8,0.1,153.5
54.3,0.1,151.4
52.8,0.1,149.3
51.3,0.1,147.4
49.8,0.1,145.5
48.3,0.1,143.6
46.8,0.1,141.8
45.3,0.1,140
43.8,0.1,138.3
42.4,0.1,136.6
40.9,0.1,134.9
39.5,0.1,133.3
38,0.1,131.8
36.6,0.1,130.3
35.1,0.1,128.8
33.7,0.1,127.3
32.2,0.1,125.9
30.8,0.1,124.6
29.4,0.1,123.3
27.9,0.1,122
26.6,0.1,120.8
25.4,0.2,119.7
24.1,0.2,118.6
22.9,0.2,117.4
21.7,0.2,116.3
20.6,0.2,115.3
19.6,0.2,114.3
18.6,0.2,113.4
17.7,0.2,112.4
16.9,0.2,111.5
16.2,0.2,110.7
15.5,0.3,109.9
14.9,0.3,109.1
14.2,0.3,108.2
13.6,0.3,107.4
13.2,0.3,106.7
12.7,0.3,106
12.3,0.3,105.3
12,0.3,104.6
11.7,0.3,103.9
11.4,0.3,103.2
11,0.4,102.6
10.7,0.4,101.9
10.4,0.4,101.2
9.8,0.4,100.6
9,0.4,100
8.3,0.5,99.4
7.5,0.5,98.8
7.3,0.5,98.2
7.1,0.5,97.7
6.9,0.6,97.2
6.6,0.6,96.6
6.4,0.6,96.1
6.1,0.7,95.6
6,0.7,95.2
5.9,0.7,94.7
5.7,0.7,94.3
5.6,0.8,93.9
5.4,0.8,93.5
5.3,0.8,93.1
5.2,0.8,92.7
5.2,0.8,92.3
5.2,0.8,91.9
5.1,0.8,91.5
5.1,0.8,91.1
5.1,0.8,90.7
5.1,0.8,90.3
4.8,0.9,89.9
4.4,1,89.5
4,1.1,89.2
3.6,1.3,88.9
3.2,1.5,88.6
2.8,1.6,88.3
2.5,1.8,87.9
2.3,2.1,87.7
2,2.3,87.4
1.8,2.5,87.1
1.6,2.8,86.9
1.5,3.1,86.6
1.5,3.2,86.4
1.4,3.3,86.1
1.4,3.3,85.9
1.4,3.4,85.6
1.4,3.4,85.4
1.4,3.4,85.2
1.4,3.4,85
1.4,3.4,84.7
1.4,3.5,84.5
1.3,3.5,84.3
1.3,3.5,84
1.3,3.5,83.8
1.3,3.5,83.6
1.3,3.5,83.4
1.3,3.5,83.1
1.4,3.5,82.9
1.4,3.4,82.7
1.4,3.4,82.5
1.3,3.5,82.2
1.3,3.5,82
1.3,3.5,81.8
1.3,3.5,81.6
1.3,3.5,81.4
1.3,3.5,81.1
1.3,3.6,80.9
1.3,3.7,80.7
1.2,3.8,80.5
1.2,4.1,80.3
1,4.6,80.1
0.9,6,80
0.8,7.6,79.9
0.7,9.1,79.8
0.5,10.7,79.7
0.4,12.2,79.7
0.4,13.5,79.7
0.3,14.7,79.7
0.3,16,79.8
0.3,16.9,79.9
0.3,17.4,80
0.3,17.7,80.1
0.3,18,80.2
0.3,18.3,80.3
0.3,18.6,80.4
0.2,18.8,80.6
0.2,18.9,80.7
0.2,19,80.9
0.2,19.1,81
0.2,19.3,81.1
0.2,19.4,81.3
0.2,19.5,81.4
0.2,19.7,81.6
0.2,19.8,81.7
0.2,20,81.9
0.2,20.2,82
0.2,20.4,82.2
0.2,20.7,82.3
0.2,21,82.5
0.2,21.3,82.7
0.2,21.7,82.9
0.2,22.2,83.1
0.2,22.6,83.3
0.2,23,83.4
0.2,23.5,83.6
0.2,24,83.9
0.2,24.6,84.1
0.2,25.2,84.3
0.2,25.9,84.5
0.2,26.8,84.8
0.2,27.8,85
0.2,28.9,85.3
0.1,29.9,85.6
0.1,30.9,85.8
0.1,31.8,86.1
0.1,32.7,86.4
0.1,33.7,86.8
0.1,34.4,87.1
0.1,34.9,87.4
0.1,35.4,87.8
0.1,35.8,88.1
0.1,36.2,88.5
0.1,36.6,88.8
0.1,37.1,89.2
0.1,37.5,89.6
0.1,37.9,90
0.1,38.3,90.4
0.1,38.8,90.8
0.1,39.2,91.2
0.1,39.7,91.7
0.1,40.2,92.1
0.1,40.6,92.5
0.1,41.1,93
0.1,41.7,93.4
0.1,42.4,93.9
0.1,43,94.4
0.1,43.8,94.9
0.1,44.6,95.3
0.1,45.5,95.9
0.1,46.5,96.4
0.1,47.4,96.9
0.1,48.3,97.4
0.1,49.3,97.9
0.1,50.3,98.5
0.1,51.3,99
0.1,52.3,99.6
0.1,53.3,100.1
0.1,54.4,100.7
0.1,55.5,101.3
0.1,56.6,101.9
0.1,57.8,102.5
0.1,58.9,103.1
0.1,60,103.7
0.1,61.3,104.3
0.1,62.5,104.9
0.1,63.7,105.5
0.1,65,106.2
0.1,66.2,106.8
0.1,67.2,107.5
0.1,68.2,108.2
0.1,69.3,108.8
0.1,70.3,109.5
0.1,71,110.2
0.1,71.7,110.9
0.1,72.3,111.6
0.1,73.1,112.3
0.1,74.1,113.1
0.1,75.5,113.8
0.1,76.9,114.6
0.1,78.4,115.3
0.1,79.8,116.1
0.1,81.3,116.9
0.1,83,117.7
0.1,84.6,118.5
0.1,86.3,119.3
0.1,88,120.1
0.1,89.6,120.9
0.1,91.2,121.7
0.1,92.8,122.6
0.1,94.4,123.4
0.1,96,124.3
0.1,97.2,125.1
0.1,98.4,126
0.1,99.6,126.8
0.1,100,127.7
0.1,100,128.6
0.1,100,129.4
0.1,100,130.2
0.1,100,131.1
0.1,100,131.9
0.1,100,132.7
0.1,100,133.5
0.1,100,134.3
0.1,100,135.1
0.1,100,135.9
0.1,100,136.7
0.1,100,137.5
0.1,100,138.3
0.1,100,139.1
0.1,100,139.9
0.1,100,140.7
0.1,100,141.5
0.1,100,142.3
0.1,100,143.1
0.1,100,143.9
0.1,100,144.6
0.1,100,145.4
0.1,100,146.1
0.1,100,146.9
0.1,100,147.6
0.1,100,148.3
0.1,100,149
0.1,100,149.7
0.1,100,150.4
0.1,100,151.1
0.1,100,151.8
0.1,100,152.5
0.1,100,153.2
0.1,100,153.8
0.1,100,154.5
0.1,100,155.1
0.1,100,155.8
0.1,100,156.4
0.1,100,157
0.1,100,157.7
0.1,100,158.3
0.1,100,158.9
0.1,100,159.5
0.1,100,160.1
0.1,100,160.7
0.1,100,161.3
0.1,100,161.9
0.1,100,162.5
0.1,100,163.1
0.1,100,163.6
0.1,100,164.2
0.1,100,164.8
0.1,100,165.4
0.1,100,166
0.1,100,166.6
0.1,100,167.1
0.1,100,167.7
0.1,100,168.3
0.1,100,168.9
0.1,100,169.4
0.1,100,170
0.1,100,170.6
0.1,100,171.1
0.1,100,171.7
0.1,100,172.2
0.1,100,172.8
0.1,100,173.3
0.1,100,173.8
0.1,100,174.3
0.1,100,174.8
0.1,100,175.4
0.1,100,175.9
0.1,100,176.4
0.1,100,176.9
0.1,100,177.4
0.1,100,177.9
0.1,100,178.4
0.1,100,178.8
0.1,100,179.3
0.1,100,179.8
0.1,100,180.3
0.1,100,180.7
0.1,100,181.2
0.1,100,181.6
0.1,100,182.1
0.1,100,182.5
0.1,100,183
0.1,100,183.4
0.1,100,183.9
0.1,100,184.3
0.1,100,184.7
0.1,100,185.2
0.1,100,185.6
0.1,100,186
0.1,100,186.4
0.1,100,186.8
0.1,100,187.2
0.1,100,187.6
0.1,100,188
0.1,100,188.4
0.1,100,188.8
0.1,100,189.2
0.1,100,189.6
0.1,100,190
0.1,100,190.4
0.1,100,190.8
0.1,100,191.2
0.1,100,191.5
0.1,100,191.9
0.1,100,192.3
0.1,100,192.7
0.1,100,193.1
0.1,100,193.5
0.1,100,193.8
0.1,100,194.2
0.1,100,194.6
0.1,100,195
0.1,100,195.3
0.1,100,195.7
0.1,100,196.1
0.1,100,196.5
0.1,100,196.8
0.1,100,197.2
0.1,100,197.5
0.1,100,197.9
0.1,100,198.2
0.1,100,198.6
0.1,100,198.9
0.1,100,199.3
0.1,100,199.6
0.1,100,200
0.1,100,200.3
0.1,100,200.6
0.1,99.9,201
0.1,99.9,201.3
0.1,100,201.6
0.1,100,201.9
0.1,100,202.2
0.1,100,202.6
0.1,100,202.9
0.1,100,203.2
0.1,100,203.5
0.1,100,203.8
0.1,99.9,204.1
0.1,99.9,204.4
0.1,100,204.7
0.1,100,205
0.1,100,205.3
0.1,100,205.6
0.1,100,205.9
0.1,100,206.2
0.1,100,206.5
0.1,99.9,206.8
0.1,99.9,207
0.1,99.9,207.3
0.1,100,207.6
0.1,100,207.9
0.1,100,208.1
0.1,100,208.4
0.1,100,208.7
0.1,100,209
0.1,100,209.2
0.1,99.9,209.5
0.1,99.9,209.7
0.1,99.9,210
0.1,100,210.3
0.1,100,210.5
0.1,100,210.8
0.1,100,211
0.1,100,211.3
0.1,100,211.5
0.1,99.9,211.8
0.1,99.9,212
0.1,99.9,212.3
0.1,99.9,212.5
0.1,99.9,212.8
0.1,99.9,213
0.1,99.8,213.3
0.1,99.7,213.5
0.1,99.6,213.7
0.1,99.5,214
0.1,99,214.2
0.1,98.5,214.5
0.1,98.1,214.7
0.1,97.5,214.9
0.1,96.9,215.1
0.1,96,215.4
0.1,95,215.6
0.1,94,215.8
0.1,93,216
0.1,92,216.2
0.1,89.7,216.3
0.1,87.4,216.5
0.1,85.1,216.7
0.1,82.2,216.8
0.1,78.6,216.9
0.1,74.1,217
0.1,69.6,217
0.1,65.1,217
0.1,60.5,217.1
0.1,55.5,217
0.1,50.2,217
0.1,44.8,216.9
0.1,39.5,216.8
0.2,34.3,216.6
0.2,28.8,216.3
0.3,23.3,216.1
0.4,17.9,215.8
0.4,12.4,215.6
2,8.5,215.1
3.9,5,214.7
5.9,1.6,214.2
11.7,0.4,213.8
19.3,0.2,212.7
27.1,0.2,211
35,0.2,209.3
42.9,0.1,207.6
49.5,0.1,205.3
55.1,0.1,202.7
60.8,0.1,200.1
65.6,0.1,197.4
68,0.1,194.7
67.8,0.1,192
67.6,0.1,189.3
67.4,0.1,186.6
66.2,0.1,184
63.5,0.1,181.5
60.8,0.1,179
58.4,0.1,176.6
56.4,0.1,174.3
54.3,0.1,172.1
52.1,0.1,170
50,0.1,167.8
47.8,0.1,165.7
45.7,0.1,163.8
43.6,0.1,161.9
41.5,0.1,160
39.5,0.1,158.2
37.6,0.1,156.6
35.7,0.1,155
33.8,0.1,153.4
32,0.1,151.8
30.1,0.1,150.3
28.6,0.1,148.9
27,0.1,147.6
25.4,0.2,146.2
24.2,0.2,144.9
23.1,0.2,143.8
22.1,0.2,142.6
21.1,0.2,141.5
20.2,0.2,140.4
19.2,0.2,139.2
18.4,0.2,138.3
17.7,0.2,137.3
16.9,0.2,136.3
16.1,0.3,135.3
15.2,0.3,134.4
14.4,0.3,133.6
13.5,0.3,132.8
12.6,0.3,131.9
11.8,0.3,131.1
11.3,0.4,130.3
11,0.4,129.6
10.6,0.4,128.9
10.3,0.4,128.1
10.2,0.4,127.4
8.7,0.6,126.9
7.2,0.8,126.4
5.7,1,125.8
4.1,1.3,125.3
2.9,1.8,124.8
2.2,3,124.5
1.5,4.1,124.2
0.9,5.3,123.8
0.7,6.5,123.6
0.6,7.3,123.4
0.6,7.8,123.2
0.5,8.2,122.9
0.5,8.6,122.7
0.5,9,122.5
0.5,8.9,122.3
0.5,8.8,122.1
0.5,8.6,121.9
0.5,8.5,121.7
0.5,8.4,121.4
0.5,8.2,121.2
0.6,8,121
0.6,7.8,120.8
0.6,7.6,120.6
0.6,7.5,120.3
0.6,7.4,120.1
0.6,7.3,119.9
0.6,7.4,119.7
0.6,7.5,119.4
0.5,8.8,119.2
0.5,10.2,119
0.4,11.6,118.9
0.4,12.9,118.7
0.3,14.5,118.5
0.3,16.4,118.4
0.3,18.2,118.3
0.2,20.1,118.3
0.2,21.7,118.2
0.2,22.9,118.2
0.2,24.1,118.3
0.2,25.3,118.3
0.2,26.4,118.3
0.2,27.5,118.3
0.2,28.4,118.4
0.2,29.3,118.5
0.1,30.2,118.6
0.1,31,118.7
0.1,31.9,118.8
0.1,32.9,119
0.1,34,119.1
0.1,35,119.2
0.1,36.1,119.4
0.1,37.5,119.6
0.1,38.9,119.8
0.1,40.4,120
0.1,42.1,120.3
0.1,44,120.5
0.1,45.9,120.8
0.1,47.9,121.2
0.1,49.8,121.5
0.1,51.8,121.8
0.1,53.9,122.2
0.1,55.9,122.6
0.1,58,123
0.1,60.1,123.4
0.1,62.1,123.9
0.1,64.2,124.4
0.1,66.2,124.8
0.1,68.3,125.3
0.1,70.4,125.8
0.1,72.5,126.4
0.1,74.7,127
0.1,76.9,127.5
0.1,79.2,128.1
0.1,81.5,128.8
0.1,83.7,129.4
0.1,85.9,130.1
0.1,88.1,130.7
0.1,90,131.4
0.1,91.6,132.1
0.1,93.2,132.8
0.1,94.8,133.5
0.1,96.4,134.2
0.1,97.2,135
0.1,98.1,135.8
0.1,98.9,136.6
0.1,99.8,137.4
0.1,100,138.2
0.1,100,139
0.1,100,139.8
0.1,100,140.6
0.1,100,141.4
0.1,100,142.1
0.1,100,142.9
0.1,100,143.7
0.1,100,144.5
0.1,100,145.2
0.1,100,146
0.1,100,146.7
0.1,100,147.4
0.1,100,148.2
0.1,100,148.9
0.1,100,149.6
0.1,100,150.3
0.1,100,151
0.1,100,151.7
0.1,100,152.3
0.1,100,153
0.1,100,153.7
0.1,100,154.3
0.1,100,155
0.1,100,155.6
0.1,100,156.2
0.1,100,156.9
0.1,100,157.5
0.1,100,158.1
0.1,100,158.7
0.1,100,159.3
0.1,100,159.9
0.1,100,160.5
0.1,100,161.1
0.1,100,161.6
0.1,100,162.2
0.1,100,162.8
0.1,100,163.4
0.1,100,163.9
0.1,100,164.5
0.1,100,165.1
0.1,100,165.6
0.1,100,166.2
0.1,100,166.7
0.1,100,167.3
0.1,100,167.9
0.1,100,168.4
0.1,100,169
0.1,100,169.5
0.1,100,170
0.1,100,170.6
0.1,100,171.1
0.1,100,171.6
0.1,100,172.1
0.1,100,172.6
0.1,100,173.2
0.1,100,173.7
0.1,100,174.2
0.1,100,174.6
0.1,100,175.1
0.1,100,175.6
0.1,100,176.1
0.1,100,176.6
0.1,100,177.1
0.1,100,177.5
0.1,100,178
0.1,100,178.5
0.1,100,178.9
0.1,100,179.4
0.1,100,179.8
0.1,100,180.3
0.1,100,180.7
0.1,100,181.2
0.1,100,181.6
0.1,100,182
0.1,100,182.5
0.1,100,182.9
0.1,100,183.3
0.1,100,183.7
0.1,100,184.1
0.1,100,184.6
0.1,100,185
0.1,100,185.4
0.1,100,185.8
0.1,100,186.2
0.1,100,186.6
0.1,100,187
0.1,100,187.4
0.1,100,187.8
0.1,100,188.2
0.1,100,188.6
0.1,100,189
0.1,100,189.4
0.1,100,189.7
0.1,100,190.1
0.1,100,190.5
0.1,100,190.9
0.1,100,191.3
0.1,100,191.7
0.1,100,192.1
0.1,100,192.5
0.1,100,192.9
0.1,100,193.3
0.1,100,193.6
0.1,100,194
0.1,100,194.4
0.1,100,194.8
0.1,100,195.2
0.1,100,195.6
0.1,100,195.9
0.1,100,196.3
0.1,99.9,196.7
0.1,100,197.1
0.1,100,197.4
0.1,100,197.8
0.1,100,198.2
0.1,100,198.5
0.1,100,198.9
0.1,100,199.2
0.1,100,199.6
0.1,99.9,200
0.1,99.9,200.3
0.1,100,200.6
0.1,100,201
0.1,100,201.3
0.1,100,201.7
0.1,100,202
0.1,100,202.3
0.1,100,202.7
0.1,99.9,203
0.1,99.9,203.3
0.1,100,203.6
0.1,100,204
0.1,100,204.3
0.1,100,204.6
0.1,100,204.9
0.1,100,205.2
0.1,100,205.5
0.1,99.9,205.8
0.1,99.9,206.1
0.1,99.9,206.4
0.1,100,206.7
0.1,100,207
0.1,100,207.3
0.1,100,207.6
0.1,100,207.9
0.1,100,208.2
0.1,100,208.5
0.1,99.9,208.8
0.1,99.9,209
0.1,99.9,209.3
0.1,100,209.6
0.1,100,209.9
0.1,100,210.1
0.1,100,210.4
0.1,100,210.7
0.1,100,211
0.1,99.9,211.2
0.1,99.9,211.5
0.1,99.9,211.8
0.1,99.9,212
0.1,99.9,212.3
0.1,99.8,212.5
0.1,99.8,212.8
0.1,99.7,213
0.1,99.6,213.3
0.1,99.3,213.6
0.1,98.9,213.8
0.1,98.5,214
0.1,98,214.3
0.1,97.4,214.5
0.1,96.6,214.7
0.1,95.8,214.9
0.1,94.9,215.1
0.1,94.1,215.3
0.1,92.7,215.5
0.1,90.9,215.6
0.1,89.1,215.8
0.1,87.1,215.9
0.1,84.5,216
0.1,81.4,216
0.1,78.1,216.1
0.1,74.8,216.1
0.1,71.6,216.1
0.1,68.1,216.1
0.1,64.5,216
0.1,60.9,215.9
0.1,57.3,215.8
0.1,53.8,215.7
0.1,50.6,215.5
0.1,47.4,215.2
0.1,44.2,215
0.1,41,214.8
0.1,38.1,214.5
0.2,35.4,214.2
0.2,32.7,213.9
0.2,30.2,213.6
0.2,27.9,213.2
0.2,25.9,212.9
0.2,23.9,212.5
0.2,21.8,212.1
0.3,19.8,211.7
0.3,18.3,211.3
0.3,16.8,210.9
0.3,15.3,210.5
0.4,14.1,210
0.4,13.2,209.6
0.4,12.4,209.1
0.5,11.6,208.7
0.5,10.8,208.2
0.5,10.2,207.7
0.5,10,207.3
0.5,9.7,206.8
0.5,9.5,206.3
0.5,9.7,205.8
0.5,10.1,205.4
0.5,10.6,204.9
0.5,11.1,204.4
0.4,11.6,204
0.4,12.6,203.5
0.4,13.6,203.1
0.3,14.7,202.6
0.3,15.9,202.2
0.3,17.4,201.8
0.3,19,201.5
0.3,20.6,201.1
0.2,22.1,200.7
0.2,23.8,200.4
0.2,25.5,200
0.2,27.2,199.7
0.2,28.9,199.4
0.2,30.6,199.1
0.2,32.1,198.9
0.2,33.7,198.6
0.1,35.2,198.3
0.1,36.7,198.1
0.1,38,197.9
0.1,39.3,197.6
0.1,40.5,197.4
0.1,41.7,197.2
0.1,42.7,197.1
0.1,43.7,196.9
0.1,44.7,196.7
0.1,45.7,196.5
0.1,46.6,196.4
0.1,47.5,196.2
0.1,48.3,196.1
0.1,49.2,196
0.1,50.2,195.8
0.1,51.2,195.7
0.1,52.2,195.6
0.1,53.2,195.5
0.1,54.3,195.4
0.1,55.5,195.3
0.1,56.7,195.2
0.1,58,195.2
0.1,59.6,195.1
0.1,61.4,195.1
0.1,63.1,195.1
0.1,64.9,195
0.1,66.8,195
0.1,69,195.1
0.1,71.2,195.1
0.1,73.5,195.1
0.1,76,195.2
0.1,78.5,195.3
0.1,80.9,195.4
0.1,83.4,195.6
0.1,85.9,195.7
0.1,88,195.9
0.1,90.2,196
0.1,92.3,196.2
0.1,94.3,196.4
0.1,95.6,196.7
0.1,96.9,196.9
0.1,98.1,197.1
0.1,99.4,197.4
0.1,99.8,197.6
0.1,99.8,197.9
0.1,99.9,198.1
0.1,100,198.4
0.1,100,198.7
0.1,100,198.9
0.1,100,199.2
0.1,100,199.4
0.1,100,199.7
0.1,100,200
0.1,100,200.2
0.1,100,200.5
0.1,100,200.8
0.1,100,201
0.1,100,201.3
0.1,100,201.6
0.1,100,201.8
0.1,100,202.1
0.1,100,202.4
0.1,100,202.6
0.1,100,202.9
0.1,100,203.2
0.1,100,203.5
0.1,100,203.7
0.1,100,204
0.1,100,204.3
0.1,100,204.6
0.1,100,204.8
0.1,100,205.1
0.1,100,205.4
0.1,100,205.7
0.1,100,205.9
0.1,100,206.2
0.1,100,206.5
0.1,100,206.8
0.1,100,207
0.1,100,207.3
0.1,100,207.6
0.1,100,207.8
0.1,100,208.1
0.1,100,208.4
0.1,100,208.7
0.1,100,208.9
0.1,100,209.2
0.1,100,209.5
0.1,100,209.7
0.1,100,210
0.1,100,210.3
0.1,100,210.5
0.1,100,210.8
0.1,100,211.1
0.1,100,211.3
0.1,100,211.6
0.1,100,211.8
0.1,100,212.1
0.1,100,212.4
0.1,100,212.6
0.1,100,212.9
0.1,100,213.2
0.1,100,213.4
0.1,100,213.7
0.1,100,213.9
0.1,100,214.2
0.1,100,214.4
0.1,100,214.7
0.1,100,215
0.1,100,215.2
0.1,100,215.5
0.1,100,215.7
0.1,100,216
0.1,100,216.2
0.1,100,216.5
0.1,100,216.7
0.1,100,217
0.1,100,217.2
0.1,100,217.4
0.1,100,217.7
0.1,100,217.9
0.1,100,218.2
0.1,100,218.4
0.1,100,218.6
0.1,100,218.9
0.1,100,219.1
0.1,100,219.3
0.1,100,219.5
0.1,100,219.8
0.1,100,220
0.1,100,220.2
0.1,100,220.4
0.1,100,220.7
0.1,100,220.9
0.1,100,221.1
0.1,100,221.3
0.1,100,221.5
0.1,100,221.7
0.1,100,221.9
0.1,100,222.1
0.1,100,222.4
0.1,100,222.6
0.1,100,222.8
0.1,100,223
0.1,100,223.2
0.1,100,223.4
0.1,100,223.6
0.1,100,223.7
0.1,100,223.9
0.1,100,224.1
0.1,100,224.3
0.1,100,224.5
0.1,100,224.7
0.1,100,224.9
0.1,100,225.1
0.1,100,225.3
0.1,100,225.4
0.1,100,225.6
0.1,100,225.8
0.1,100,226
0.1,100,226.2
0.1,100,226.3
0.1,100,226.5
0.1,100,226.7
0.1,100,226.9
0.1,100,227
0.1,100,227.2
0.1,100,227.4
0.1,100,227.5
0.1,100,227.7
0.1,100,227.9
0.1,100,228
0.1,100,228.2
0.1,100,228.4
0.1,100,228.5
0.1,100,228.7
0.1,100,228.8
0.1,100,229
0.1,100,229.2
0.1,100,229.3
0.1,100,229.5
0.1,100,229.6
0.1,100,229.8
0.1,100,229.9
0.1,100,230.1
0.1,100,230.2
0.1,100,230.4
0.1,100,230.5
0.1,100,230.7
0.1,100,230.8
0.1,100,231
0.1,100,231.1
0.1,100,231.2
0.1,100,231.4
0.1,100,231.5
0.1,100,231.7
0.1,100,231.8
0.1,100,231.9
0.1,100,232.1
0.1,100,232.2
0.1,99.9,232.3
0.1,100,232.5
0.1,100,232.6
0.1,100,232.7
0.1,100,232.9
0.1,100,233
0.1,100,233.1
0.1,100,233.2
0.1,100,233.4
0.1,100,233.5
0.1,99.9,233.6
0.1,100,233.7
0.1,100,233.9
0.1,100,234
0.1,100,234.1
0.1,100,234.2
0.1,100,234.3
0.1,100,234.5
0.1,100,234.6
0.1,99.9,234.7
0.1,100,234.8
0.1,100,234.9
0.1,100,235
0.1,100,235.1
0.1,100,235.3
0.1,100,235.4
0.1,100,235.5
0.1,100,235.6
0.1,100,235.7
0.1,99.9,235.8
0.1,100,235.9
0.1,100,236
0.1,100,236.1
0.1,100,236.2
0.1,100,236.3
0.1,100,236.4
0.1,100,236.5
0.1,100,236.6
0.1,100,236.7
0.1,99.9,236.8
0.1,100,236.9
0.1,100,237
0.1,100,237.1
0.1,100,237.2
0.1,100,237.3
0.1,100,237.4
0.1,100,237.5
0.1,100,237.6
0.1,99.9,237.7
0.1,99.9,237.8
0.1,100,237.9
0.1,100,238
0.1,100,238.1
0.1,100,238.2
0.1,100,238.3
0.1,100,238.4
0.1,100,238.5
0.1,100,238.6
0.1,99.9,238.7
0.1,99.9,238.8
0.1,100,238.9
0.1,100,238.9
0.1,100,239
0.1,100,239.1
0.1,100,239.2
0.1,100,239.3
0.1,100,239.4
0.1,99.9,239.5
0.1,99.9,239.6
0.1,99.9,239.7
0.1,99.9,239.8
0.1,100,239.8
0.1,100,239.9
0.1,100,240
0.1,100,240.1
0.1,100,240.2
0.1,100,240.3
0.1,99.9,240.4
0.1,99.9,240.5
0.1,99.9,240.5
0.1,99.9,240.6
0.1,100,240.7
0.1,100,240.8
0.1,100,240.9
0.1,100,241
0.1,100,241.1
0.1,99.9,241.1
0.1,99.8,241.2
0.1,99.6,241.3
0.1,99.5,241.4
0.1,99.2,241.5
0.1,98.8,241.5
0.1,98.4,241.6
0.1,97.9,241.7
0.1,97.4,241.8
0.1,96.9,241.8
0.1,96.3,241.9
0.1,95.5,242
0.1,94.8,242
0.1,94,242.1
0.1,93,242.1
0.1,91.1,242.1
0.1,89,242.1
0.1,86.8,242.2
0.1,84.6,242.2
0.1,82.4,242.2
0.1,78.8,242.1
0.1,75.1,242.1
0.1,71.5,242
0.1,67.3,241.9
0.1,62.7,241.8
0.1,57.6,241.6
0.1,52.6,241.4
0.1,47.5,241.2
0.1,42.5,241
0.1,37.2,240.8
0.2,32,240.5
0.2,26.7,240.1
0.2,21.6,239.8
0.5,17,239.4
1.1,12.9,238.9
1.7,8.9,238.4
2.3,4.8,237.9
3.6,1.6,237.3
7.6,1.1,236.6
11.7,0.7,235.9
15.7,0.3,235.1
19.3,0.2,234.1
26,0.2,232.9
32.7,0.2,231.7
39.5,0.1,230.6
46.4,0.1,229.2
54.4,0.1,227
62.3,0.1,224.7
69.9,0.1,222.2
76.4,0.1,219
80.6,0.1,215.6
84.8,0,212.3
89,0,209
91.8,0,205.6
92.5,0,202.2
93.2,0,198.9
92.7,0,195.5
91,0,192.3
89.5,0,189.1
88,0,186
86.5,0,182.8
85.1,0,179.8
83.5,0,176.8
82,0.1,173.9
80.7,0.1,171
79.4,0.1,168.2
78,0.1,165.5
76.6,0.1,162.8
75.2,0.1,160.1
73.9,0.1,157.5
72.5,0.1,155
71.1,0.1,152.5
69.7,0.1,150
68.4,0.1,147.6
66.9,0.1,145.4
65.5,0.1,143.1
64.1,0.1,140.8
62.6,0.1,138.6
61.2,0.1,136.5
59.7,0.1,134.4
58.3,0.1,132.3
56.9,0.1,130.3
55.5,0.1,128.4
54.1,0.1,126.5
52.7,0.1,124.6
51.2,0.1,122.8
49.9,0.1,121
48.5,0.1,119.3
47.1,0.1,117.6
45.8,0.1,115.9
44.6,0.1,114.3
43.3,0.1,112.8
42.1,0.1,111.3
40.9,0.1,109.8
39.6,0.1,108.4
38.4,0.1,107
37.3,0.1,105.6
36.2,0.1,104.2
35.1,0.1,102.9
34,0.1,101.6
33,0.1,100.4
32,0.1,99.3
31,0.1,98.1
30,0.1,96.9
29.1,0.1,95.8
28.2,0.1,94.7
27.3,0.1,93.6
26.4,0.1,92.5
25.5,0.2,91.5
24.6,0.2,90.6
23.8,0.2,89.6
23,0.2,88.7
22.1,0.2,87.8
21.3,0.2,86.8
20.5,0.2,86
19.7,0.2,85.2
18.9,0.2,84.3
18.2,0.2,83.5
17.5,0.2,82.8
16.9,0.2,82.1
16.3,0.2,81.3
15.7,0.2,80.6
15.1,0.3,79.9
14.5,0.3,79.2
14.1,0.3,78.6
13.7,0.3,78
13.2,0.3,77.3
13,0.3,76.7
12.7,0.3,76.1
12.5,0.3,75.5
12.2,0.3,75
12,0.3,74.4
11.7,0.3,73.8
11.1,0.3,73.2
10.3,0.4,72.7
9.5,0.4,72.2
8.6,0.5,71.7
8.8,0.5,71.2
8.8,0.5,70.7
8.7,0.5,70.2
8.5,0.5,69.8
8.4,0.5,69.3
8.2,0.5,68.8
8,0.5,68.4
7.8,0.5,68
7.5,0.5,67.5
7.2,0.5,67.1
7.1,0.6,66.7
7,0.6,66.3
6.8,0.6,65.9
6.6,0.6,65.6
6.4,0.6,65.2
6.2,0.6,64.8
6,0.7,64.4
5.7,0.7,64.1
5.4,0.7,63.8
5.2,0.7,63.4
4.8,0.8,63.1
4.4,0.9,62.8
3.9,1.1,62.6
3.4,1.3,62.3
3,1.5,62.1
2.5,1.7,61.9
2,1.9,61.6
1.8,2.1,61.4
1.7,2.4,61.2
1.5,2.6,61
1.3,2.8,60.9
1.3,2.9,60.7
1.3,3,60.5
1.2,3,60.4
1.2,3.1,60.2
1.2,3.1,60
1.2,3.2,59.9
1.2,3.2,59.7
1.2,3.2,59.6
1.2,3.2,59.4
1.2,3.2,59.3
1.2,3.2,59.1
1.1,3.3,59
1.1,3.3,58.8
1.1,3.4,58.7
1.1,3.4,58.5
1,3.5,58.4
0.9,4,58.3
0.8,4.5,58.1
0.7,5,58
0.6,5.8,57.9
0.5,6.9,57.9
0.5,7.7,57.9
0.5,8.4,57.9
0.4,9.1,57.9
0.4,9.7,57.9
0.4,10.4,57.9
0.3,10.7,57.9
0.3,10.9,57.9
0.3,11.1,58
0.3,11.3,58
0.3,11.6,58.1
0.3,11.8,58.2
0.3,12,58.2
0.3,12.2,58.3
0.3,12.4,58.4
0.3,12.5,58.4
0.3,12.7,58.5
0.3,13,58.6
0.3,13.2,58.7
0.3,13.4,58.8
0.3,13.7,58.9
0.3,14,59
0.3,14.4,59.2
0.3,14.7,59.3
0.2,15,59.4
0.2,15.4,59.5
0.2,15.8,59.7
0.2,16.1,59.8
0.2,16.5,60
0.2,17,60.1
0.2,17.4,60.3
0.2,17.9,60.5
0.2,18.4,60.7
0.2,18.9,60.9
0.2,19.3,61.1
0.2,19.8,61.3
0.2,20.3,61.6
0.2,20.8,61.8
0.2,21.3,62
0.2,21.8,62.3
0.2,22.4,62.6
0.2,22.8,62.8
0.2,23.3,63.1
0.2,23.8,63.4
0.2,24.3,63.7
0.2,24.8,64
0.2,25.2,64.3
0.2,25.7,64.6
0.2,26.2,65
0.2,26.6,65.3
0.2,27.1,65.6
0.2,27.5,66
0.2,28,66.4
0.2,28.4,66.7
0.2,28.9,67.1
0.2,29.2,67.5
0.2,29.5,67.9
0.2,29.9,68.3
0.2,30.2,68.7
0.2,30.4,69.1
0.2,30.7,69.5
0.2,31,70
0.2,31.2,70.4
0.2,31.5,70.8
0.2,31.8,71.3
0.2,32.2,71.8
0.2,32.5,72.2
0.1,32.9,72.7
0.1,33.3,73.2
0.1,33.7,73.7
0.1,34.4,74.2
0.1,35.1,74.7
0.1,35.8,75.3
0.1,36.6,75.8
0.1,37.3,76.3
0.1,38.1,76.9
0.1,39,77.4
0.1,39.8,78
0.1,40.8,78.5
0.1,41.7,79.1
0.1,42.7,79.7
0.1,43.7,80.3
0.1,44.7,80.9
0.1,45.7,81.5
0.1,46.7,82.1
0.1,47.8,82.8
0.1,49,83.4
0.1,50.2,84
0.1,52.5,84.7
0.1,54.1,85.3
0.1,54.9,86
0.1,55.8,86.7
0.1,56.7,87.4
0.1,57.6,88
0.1,58,88.7
0.1,58.2,89.4
0.1,58.5,90.1
0.1,58.9,90.9
0.1,59.3,91.6
0.1,60.2,92.4
0.1,61.1,93.1
0.1,61.9,93.9
0.1,62.8,94.6
0.1,63.9,95.4
0.1,65.4,96.2
0.1,66.8,97
0.1,68.3,97.8
0.1,69.8,98.6
0.1,71.2,99.4
0.1,72.7,100.2
0.1,74.2,101.1
0.1,75.7,101.9
0.1,77.2,102.7
0.1,78.7,103.6
0.1,80.3,104.4
0.1,81.8,105.3
0.1,83.4,106.1
0.1,84.6,107
0.1,85,107.9
0.1,85.5,108.8
0.1,85.9,109.7
0.1,86.3,110.5
0.1,86.9,111.4
0.1,87.5,112.3
0.1,88.1,113.2
0.1,89.1,114.1
0.1,90.4,115
0.1,91.6,116
0.1,92.9,116.9
0.1,94.2,117.8
0.1,95.4,118.7
0.1,96.6,119.6
0.1,97.7,120.6
0.1,98.9,121.5
0.1,99.6,122.4
0.1,100,123.3
0.1,100,124.2
0.1,100,125.1
0.1,100,126
0.1,100,126.9
0.1,100,127.8
0.1,100,128.6
0.1,100,129.5
0.1,100,130.3
0.1,100,131.2
0.1,100,132
0.1,100,132.8
0.1,100,133.6
0.1,100,134.4
0.1,100,135.2
0.1,100,136
0.1,100,136.8
0.1,100,137.5
0.1,100,138.3
0.1,100,139.1
0.1,100,139.9
0.1,100,140.7
0.1,100,141.4
0.1,100,142.2
0.1,100,142.9
0.1,99.9,143.6
0.1,100,144.4
0.1,99.8,145.1
0.1,99.3,145.7
0.1,98.8,146.4
0.1,98.3,147.1
0.1,97.7,147.7
0.1,96,148.3
0.1,94.2,149
0.1,92.4,149.6
0.1,90.4,150.1
0.1,88.1,150.6
0.1,85.7,151.1
0.1,83.3,151.6
0.1,80.9,152
0.1,78.5,152.5
0.1,76.1,152.8
0.1,73.8,153.2
0.1,71.4,153.6
0.1,69.2,153.9
0.1,67.1,154.1
0.1,65.1,154.4
0.1,63.2,154.6
0.1,61.2,154.9
0.1,59.5,155.1
0.1,58,155.2
0.1,56.5,155.4
0.1,55.3,155.6
0.1,54.3,155.7
0.1,54.1,155.8
0.1,53.8,156
0.1,53.5,156.1
0.1,53.3,156.2
0.1,53.8,156.3
0.1,54.7,156.5
0.1,55.5,156.6
0.1,56.9,156.7
0.1,58.7,156.9
0.1,61.1,157.1
0.1,63.5,157.3
0.1,66,157.5
0.1,68.4,157.7
0.1,71.7,158
0.1,75.1,158.2
0.1,78.4,158.5
0.1,81.9,158.9
0.1,84.7,159.3
0.1,86.8,159.7
0.1,88.9,160.1
0.1,91,160.6
0.1,92.7,161
0.1,92.9,161.5
0.1,93.1,162
0.1,93.2,162.5
0.1,92.9,163
0.1,91.3,163.5
0.1,89.4,164
0.1,87.4,164.5
0.1,85.5,165
0.1,82.5,165.4
0.1,78.4,165.8
0.1,74.2,166.2
0.1,69.6,166.6
0.1,64.1,166.9
0.1,57.7,167.1
0.1,51.3,167.2
0.1,44.9,167.4
0.1,38.5,167.6
0.2,31.9,167.6
0.2,25.2,167.6
0.3,18.6,167.5
0.5,12,167.4
2.7,7.4,167.1
7.8,5.5,166.6
13,3.6,166.1
18.1,1.8,165.6
23.2,0.2,164.9
27.8,0.2,163.6
32.4,0.1,162.3
37,0.1,161
40,0.1,159.2
40.2,0.1,157.6
39,0.1,155.9
37.9,0.1,154.2
36.7,0.1,152.6
35.1,0.1,151
32.2,0.1,149.5
29.3,0.1,148
26.4,0.1,146.6
25.3,0.2,145.3
24.1,0.2,144.1
22.7,0.2,143
21.3,0.2,141.8
19.9,0.2,140.7
18.5,0.2,139.6
17.6,0.2,138.7
16.7,0.2,137.7
15.8,0.3,136.8
15,0.3,135.9
14.4,0.3,135
13.7,0.3,134.2
13,0.3,133.4
12.2,0.3,132.6
11.5,0.4,131.8
10.6,0.4,131.1
9.5,0.4,130.3
8.5,0.5,129.6
7.8,0.5,128.9
7.5,0.5,128.3
7.3,0.6,127.7
7.2,0.6,127.2
7,0.6,126.6
6.9,0.6,126
6.7,0.6,125.5
6.4,0.7,125
6.2,0.7,124.6
6,0.7,124.1
6.1,0.7,123.6
6.1,0.7,123.2
6,0.7,122.7
6,0.7,122.3
5.9,0.7,121.8
5.8,0.8,121.4
5.8,0.8,121
5.7,0.8,120.5
5.6,0.8,120.1
5.6,0.8,119.7
5.6,0.8,119.2
5.5,0.8,118.8
5.5,0.8,118.4
5.5,0.8,118
5.4,0.8,117.6
5.4,0.8,117.2
5.4,0.8,116.7
5.3,0.8,116.3
5.3,0.8,115.9
5.3,0.8,115.5
5.2,0.9,115.1
5.2,0.9,114.7
5.1,0.9,114.3
5.1,0.9,113.9
5,0.9,113.5
4.9,0.9,113.1
4.8,1,112.7
4.5,1,112.3
4,1.3,112
3.4,1.6,111.7
2.8,1.9,111.3
2.2,2.2,111
1.9,2.6,110.7
1.6,3.1,110.4
1.4,3.5,110.2
1.2,3.9,109.9
1.1,4.3,109.6
1.1,4.5,109.4
1,4.7,109.1
1,4.9,108.8
0.9,5.1,108.6
0.9,5.2,108.3
0.9,5.2,108.1
0.9,5.2,107.8
0.9,5.1,107.6
0.9,5.1,107.3
1,5,107.1
1,5,106.8
1,4.9,106.6
1,4.8,106.3
1,4.8,106
1,4.7,105.8
1,4.7,105.5
1,4.6,105.3
1,4.6,105
1,4.6,104.7
1.1,4.6,104.5
1.1,4.5,104.2
1.1,4.5,104
1.1,4.5,103.7
1.1,4.5,103.4
1.1,4.4,103.2
1.1,4.4,102.9
1.1,4.4,102.7
1.1,4.4,102.4
1.1,4.4,102.2
1.1,4.4,101.9
1.1,4.4,101.7
1.1,4.3,101.4
1.1,4.2,101.2
1.2,4.1,100.9
1.3,3.8,100.6
1.2,4.3,100.4
1,5,100.2
0.9,5.7,99.9
0.8,6.3,99.7
0.7,7.7,99.5
0.6,9.7,99.3
0.5,11.7,99.2
0.4,13.8,99.1
0.3,16.2,99
0.3,17.7,99.1
0.3,19.1,99.1
0.3,20.6,99.2
0.2,22,99.2
0.2,23,99.3
0.2,23.7,99.4
0.2,24.4,99.5
0.2,24.9,99.6
0.2,25.3,99.7
0.2,25.3,99.9
0.2,25.4,100
0.2,25.5,100.1
0.2,25.6,100.3
0.2,25.6,100.4
0.2,25.6,100.5
0.2,25.6,100.7
0.2,25.5,100.8
0.2,25.5,100.9
0.2,25.6,101.1
0.2,25.7,101.2
0.2,25.9,101.3
0.2,26,101.5
0.2,26.2,101.6
0.2,26.4,101.8
0.2,26.7,101.9
0.2,27,102.1
0.2,27.4,102.2
0.2,27.9,102.4
0.2,28.4,102.6
0.2,28.9,102.7
0.2,29.4,102.9
0.1,30,103.1
0.1,30.6,103.3
0.1,31.2,103.5
0.1,31.9,103.7
0.1,32.6,103.9
0.1,33.3,104.2
0.1,34,104.4
0.1,34.7,104.6
0.1,35.4,104.9
0.1,36.1,105.1
0.1,36.8,105.4
0.1,37.5,105.7
0.1,38.2,106
0.1,38.9,106.3
0.1,39.6,106.6
0.1,40.3,106.9
0.1,41,107.2
0.1,41.7,107.5
0.1,42.4,107.8
0.1,43.1,108.1
0.1,43.8,108.5
0.1,44.5,108.8
0.1,45.1,109.2
0.1,45.6,109.5
0.1,46.1,109.9
0.1,46.6,110.3
0.1,47.1,110.6
0.1,47.6,111
0.1,48.1,111.4
0.1,48.6,111.8
0.1,49,112.2
0.1,49.6,112.6
0.1,50.3,113
0.1,51,113.4
0.1,51.7,113.9
0.1,52.3,114.3
0.1,53.1,114.7
0.1,54,115.2
0.1,55,115.7
0.1,55.9,116.1
0.1,57,116.6
0.1,58.2,117.1
0.1,59.4,117.6
0.1,60.6,118.1
0.1,61.8,118.6
0.1,63,119.1
0.1,64.3,119.7
0.1,65.6,120.2
0.1,66.9,120.8
0.1,68.3,121.3
0.1,69.7,121.9
0.1,71.1,122.5
0.1,72.6,123.1
0.1,74,123.7
0.1,75.5,124.3
0.1,77,124.9
0.1,78.5,125.5
0.1,80.1,126.2
0.1,81.7,126.8
0.1,83.4,127.5
0.1,85,128.2
0.1,86.7,128.8
0.1,88.3,129.5
0.1,90,130.2
0.1,91.3,130.9
0.1,92.5,131.6
0.1,93.7,132.3
0.1,94.4,133
0.1,94.9,133.8
0.1,95.4,134.5
0.1,96,135.3
0.1,96.5,136
0.1,97,136.8
0.1,97.9,137.5
0.1,98.7,138.3
0.1,99.6,139.1
0.1,99.9,139.8
0.1,100,140.6
0.1,100,141.3
0.1,100,142.1
0.1,100,142.9
0.1,100,143.6
0.1,100,144.4
0.1,100,145.1
0.1,100,145.8
0.1,100,146.5
0.1,100,147.2
0.1,100,147.9
0.1,100,148.6
0.1,100,149.3
0.1,100,150
0.1,100,150.7
0.1,100,151.4
0.1,100,152
0.1,100,152.7
0.1,100,153.3
0.1,100,154
0.1,100,154.6
0.1,100,155.3
0.1,100,155.9
0.1,100,156.5
0.1,100,157.1
0.1,99.9,157.7
0.1,100,158.4
0.1,100,159
0.1,100,159.5
0.1,100,160.1
0.1,100,160.7
0.1,100,161.3
0.1,100,161.9
0.1,100,162.5
0.1,99.9,163
0.1,100,163.6
0.1,100,164.2
0.1,100,164.8
0.1,100,165.4
0.1,100,165.9
0.1,100,166.5
0.1,100,167.1
0.1,99.9,167.7
0.1,99.9,168.2
0.1,99.9,168.8
0.1,100,169.4
0.1,100,169.9
0.1,100,170.5
0.1,100,171
0.1,100,171.6
0.1,100,172.1
0.1,99.9,172.7
0.1,99.9,173.2
0.1,99.9,173.7
0.1,100,174.3
0.1,100,174.8
0.1,100,175.3
0.1,100,175.8
0.1,100,176.3
0.1,99.9,176.8
0.1,99.8,177.3
0.1,99.7,177.8
0.1,99.5,178.3
0.1,99.2,178.8
0.1,98.6,179.3
0.1,97.9,179.7
0.1,97.1,180.2
0.1,96.4,180.6
0.1,95.6,181.1
0.1,93.2,181.5
0.1,90.9,181.9
0.1,88.6,182.3
0.1,85.1,182.7
0.1,80.7,183
0.1,75.5,183.2
0.1,70.2,183.4
0.1,65,183.7
0.1,59.5,183.9
0.1,53,184
0.1,46.6,184.1
0.1,40.1,184.1
0.2,33.7,184.1
0.3,27,183.9
0.4,20.3,183.8
0.6,13.6,183.7
0.7,6.9,183.5
6,4.6,183.1
11.4,2.3,182.6
17,0.3,182.1
24.3,0.2,181.5
29.4,0.2,180
34.4,0.1,178.4
39.3,0.1,176.8
43.8,0.1,175.1
45.2,0.1,173.1
46.7,0.1,171
47.5,0.1,169
46.4,0.1,167.1
43.8,0.1,165.4
41.1,0.1,163.6
38.5,0.1,161.8
36,0.1,160.1
34,0.1,158.5
32,0.1,156.9
30,0.1,155.4
28.1,0.1,154
26.4,0.2,152.7
24.7,0.2,151.5
23,0.2,150.2
21.4,0.2,149
20.2,0.2,147.9
19.1,0.2,146.9
18,0.2,145.8
17.2,0.2,144.8
16.4,0.2,143.9
15.5,0.3,143
14.7,0.3,142.1
13.8,0.3,141.2
12.5,0.3,140.4
11.1,0.4,139.6
9.7,0.4,138.8
8.9,0.4,138.1
8.5,0.5,137.4
8.2,0.5,136.8
8,0.5,136.1
7.7,0.5,135.5
7.9,0.5,134.9
8.6,0.5,134.3
9.3,0.5,133.8
10.1,0.4,133.2
10.6,0.4,132.6
8.9,0.6,132.1
7.2,0.8,131.6
5.5,1,131.1
3.8,1.2,130.5
2.8,2.6,130.2
1.8,4,129.8
0.8,5.4,129.4
0.6,7,129.2
0.6,8.2,128.9
0.5,9.2,128.7
0.4,10.2,128.5
0.4,11.2,128.3
0.4,11.6,128.1
0.4,11.9,127.9
0.4,12.1,127.7
0.4,12.1,127.5
0.4,11.9,127.3
0.4,11.7,127.1
0.4,11.4,126.9
0.4,11.2,126.7
0.4,11,126.5
0.4,10.7,126.3
0.4,10.5,126.1
0.4,10.3,125.9
0.4,10.2,125.7
0.4,10,125.5
0.4,9.9,125.3
0.4,9.8,125.1
0.5,9.7,124.8
0.5,9.6,124.6
0.5,9.5,124.4
0.5,9.4,124.2
0.5,9.3,124
0.5,9.1,123.8
0.5,9,123.6
0.5,8.9,123.3
0.5,8.7,123.1
0.5,8.6,122.9
0.5,8.4,122.7
0.5,8.3,122.5
0.6,8.2,122.2
0.5,8.5,122
0.5,8.7,121.8
0.5,9,121.6
0.5,9.3,121.4
0.5,10.4,121.2
0.4,11.5,121
0.4,12.6,120.8
0.3,14.3,120.6
0.3,15.9,120.5
0.3,17.6,120.5
0.3,19.2,120.4
0.2,20.8,120.3
0.2,22.2,120.2
0.2,23.4,120.2
0.2,24.6,120.2
0.2,25.7,120.2
0.2,26.7,120.2
0.2,27.4,120.3
0.2,28.1,120.4
0.2,28.8,120.4
0.2,29.5,120.5
0.2,30.2,120.5
0.2,30.8,120.6
0.2,31.4,120.7
0.1,32.1,120.8
0.1,33,121
0.1,34.1,121.1
0.1,35.3,121.3
0.1,36.5,121.4
0.1,37.7,121.6
0.1,39.5,121.8
0.1,41.4,122
0.1,43.3,122.2
0.1,45.5,122.5
0.1,47.9,122.8
0.1,50.4,123.1
0.1,53,123.5
0.1,55.5,123.8
0.1,58,124.2
0.1,60.4,124.6
0.1,62.8,125.1
0.1,65.2,125.5
0.1,67.7,126
0.1,70.3,126.5
0.1,71.6,127.1
0.1,72.9,127.6
0.1,74.2,128.2
0.1,75.6,128.8
0.1,74.2,129.4
0.1,71.7,129.9
0.1,69.1,130.5
0.1,65.4,131
0.1,60.3,131.5
0.1,53.4,131.8
0.1,46.6,132.1
0.1,39.7,132.4
0.2,32.9,132.8
0.3,25.3,132.8
0.4,17.6,132.9
0.5,9.9,132.9
2.3,3.9,132.9
7.4,1.2,132.3
14.9,0.9,131.2
22.4,0.6,130.1
29.8,0.3,129
35.9,0.1,127.6
40,0.1,125.9
44.1,0.1,124.1
47.7,0.1,122.4
49.9,0.1,120.6
48.9,0.1,118.9
47.6,0.1,117.3
46.4,0.1,115.6
45.2,0.1,113.9
43.5,0.1,112.4
41.5,0.1,110.9
39.4,0.1,109.4
37.5,0.1,107.9
36.3,0.1,106.6
35,0.1,105.3
33.5,0.1,104.1
32,0.1,102.9
30.5,0.1,101.6
29,0.1,100.4
27.8,0.1,99.3
26.5,0.1,98.3
25.3,0.2,97.2
24,0.2,96.2
22.8,0.2,95.2
21.7,0.2,94.3
20.7,0.2,93.4
19.6,0.2,92.6
18.5,0.2,91.7
17.4,0.2,90.8
16.6,0.2,90.1
15.9,0.3,89.3
15.1,0.3,88.6
14.4,0.3,87.8
13.9,0.3,87.2
13.4,0.3,86.5
13,0.3,85.9
12.6,0.3,85.3
12.2,0.3,84.6
11.8,0.3,84
11.2,0.4,83.4
10.6,0.4,82.8
9.9,0.4,82.3
9.2,0.4,81.7
8.4,0.5,81.2
7.6,0.5,80.7
7.4,0.6,80.2
7.2,0.6,79.7
6.9,0.6,79.3
6.7,0.6,78.8
6.4,0.7,78.3
6.1,0.7,78
5.8,0.8,77.6
5.4,0.8,77.2
5,0.9,76.8
4.3,1.1,76.5
3.7,1.3,76.2
3.2,1.6,75.9
2.8,1.9,75.6
2.3,2.3,75.4
1.9,2.6,75.1
1.6,2.8,74.9
1.5,3,74.6
1.5,3.1,74.4
1.4,3.3,74.2
1.4,3.3,74
1.4,3.3,73.8
1.4,3.4,73.6
1.3,3.4,73.4
1.3,3.5,73.2
1.3,3.5,73
1.3,3.6,72.8
1.3,3.6,72.6
1.3,3.7,72.4
1.2,3.8,72.2
1.2,3.8,72
1.2,3.7,71.8
1.2,4.3,71.7
1,5.3,71.5
0.9,6.2,71.4
0.8,7.1,71.3
0.6,8.1,71.1
0.5,9.3,71.1
0.5,10.7,71
0.4,12.1,71
0.4,13.5,71
0.4,14.3,71.1
0.3,14.9,71.2
0.3,15.3,71.3
0.3,15.6,71.4
0.3,16,71.5
0.3,16.4,71.6
0.3,16.8,71.7
0.3,17.1,71.9
0.3,17.5,72.1
0.3,17.9,72.2
0.3,18.4,72.4
0.3,18.9,72.6
0.3,19.6,72.8
0.2,20.3,73
0.2,20.9,73.2
0.2,21.6,73.5
0.2,22.4,73.7
0.2,23.4,74
0.2,24.3,74.3
0.2,25.4,74.6
0.2,26.5,75
0.2,27.8,75.3
0.2,29.1,75.7
0.2,30.4,76.1
0.2,31.6,76.5
0.2,32.9,77
0.2,34.2,77.4
0.1,35.5,77.9
0.1,36.7,78.4
0.1,38.4,78.9
0.1,40,79.5
0.1,41.7,80
0.1,43.4,80.6
0.1,45,81.2
0.1,46.7,81.8
0.1,48.6,82.4
0.1,50.5,83.1
0.1,52.5,83.8
0.1,55.2,84.4
0.1,57.4,85.2
0.1,59.5,85.9
0.1,61.6,86.7
0.1,63.7,87.4
0.1,64.5,88.2
0.1,64.4,89
0.1,64.3,89.8
0.1,63.7,90.6
0.1,62.5,91.4
0.1,60.6,92.1
0.1,58.8,92.9
0.1,56.9,93.7
0.1,54.1,94.4
0.1,49.9,95
0.1,45.7,95.6
0.1,40.6,96.2
0.2,34.8,96.6
0.2,28.7,96.9
0.3,22.7,97.1
0.3,16.7,97.4
0.7,11.5,97.5
1.4,7.3,97.4
2.2,3.1,97.3
4.6,1.1,97
7.2,0.6,96.5
8.9,0.5,95.9
10.7,0.4,95.2
12.4,0.3,94.6
12.7,0.3,94
11,0.4,93.4
9.3,0.5,92.9
6.9,0.7,92.4
4.1,1.1,92
3.4,1.7,91.7
2.7,2.3,91.5
2,2.9,91.2
1.3,3.5,90.9
1.3,3.6,90.7
1.2,3.7,90.5
1.2,3.9,90.2
1.2,3.9,90
1.2,3.9,89.8
1.2,4,89.5
1.1,4,89.3
1.1,4.1,89.1
1.1,4.1,88.9
1.1,4.1,88.7
1.2,4.1,88.4
1.2,4,88.2
1.3,3.8,88
1.1,4.9,87.8
0.9,6.6,87.6
0.8,8.2,87.5
0.6,9.8,87.3
0.4,11.7,87.2
0.4,14.2,87.2
0.3,16.7,87.2
0.2,19.1,87.2
0.2,21,87.3
0.2,22.1,87.4
0.2,23,87.5
0.2,23.8,87.6
0.2,24.7,87.8
0.2,25.5,87.9
0.2,26.1,88.1
0.2,26.8,88.3
0.2,27.4,88.5
0.2,28,88.7
0.2,28.7,88.9
0.2,29.5,89.2
0.1,30.4,89.5
0.1,31.3,89.7
0.1,32.1,90
0.1,33.2,90.3
0.1,34.4,90.7
0.1,35.5,91
0.1,36.7,91.3
0.1,37.8,91.7
0.1,38.9,92.2
0.1,40,92.6
0.1,41.1,93.1
0.1,42.2,93.5
0.1,43.4,94
0.1,44.6,94.5
0.1,45.7,95
0.1,47,95.5
0.1,48.3,96
0.1,49.5,96.6
0.1,50.8,97.1
0.1,52,97.7
0.1,53.3,98.3
0.1,54.5,98.9
0.1,55.8,99.5
0.1,57,100.1
0.1,58.2,100.7
0.1,59.6,101.4
0.1,61.1,102
0.1,62.6,102.7
0.1,64,103.3
0.1,65.5,104
0.1,67,104.7
0.1,68.6,105.4
0.1,70.2,106.1
0.1,71.8,106.8
0.1,73.3,107.5
0.1,74.6,108.3
0.1,75.4,109
0.1,76.1,109.8
0.1,76.8,110.6
0.1,77.5,111.3
0.1,78.2,112.1
0.1,79.2,112.9
0.1,80.3,113.7
0.1,81.3,114.5
0.1,82.8,115.3
0.1,84.3,116.2
0.1,85.8,117
0.1,87.3,117.9
0.1,88.8,118.7
0.1,90.3,119.6
0.1,91.6,120.4
0.1,92.8,121.3
0.1,94.1,122.1
0.1,95.4,123
0.1,96.8,123.9
0.1,97.5,124.7
0.1,98.2,125.6
0.1,98.8,126.4
0.1,99.5,127.3
0.1,100,128.2
0.1,100,129
0.1,100,129.8
0.1,100,130.7
0.1,100,131.5
0.1,100,132.3
0.1,100,133.1
0.1,100,133.9
0.1,100,134.7
0.1,100,135.5
0.1,100,136.3
0.1,100,137.1
0.1,100,137.8
0.1,100,138.6
0.1,100,139.4
0.1,100,140.2
0.1,100,140.9
0.1,100,141.7
0.1,100,142.4
0.1,100,143.2
0.1,100,143.9
0.1,100,144.6
0.1,100,145.3
0.1,100,146
0.1,100,146.7
0.1,100,147.3
0.1,100,148
0.1,100,148.7
0.1,99.8,149.3
0.1,99.3,149.9
0.1,98.7,150.6
0.1,98.2,151.2
0.1,98.1,151.8
0.1,97.8,152.4
0.1,97.3,152.9
0.1,96.8,153.5
0.1,96.3,154.1
0.1,95.9,154.6
0.1,95.4,155.2
0.1,95,155.7
0.1,94.6,156.2
0.1,94.3,156.7
0.1,94.1,157.2
0.1,93.9,157.7
0.1,93.8,158.2
0.1,93.7,158.7
0.1,93.6,159.2
0.1,93.7,159.6
0.1,94,160.1
0.1,94.2,160.6
0.1,94.6,161.1
0.1,95.1,161.6
0.1,95.7,162.1
0.1,96.2,162.6
0.1,96.8,163.1
0.1,97.4,163.5
0.1,97.9,164.1
0.1,98.4,164.6
0.1,98.9,165.1
0.1,99.4,165.6
0.1,99.7,166.1
0.1,99.8,166.6
0.1,99.9,167.1
0.1,99.9,167.6
0.1,100,168.1
0.1,100,168.6
0.1,100,169.1
0.1,100,169.6
0.1,100,170
0.1,100,170.5
0.1,100,171
0.1,100,171.4
0.1,100,171.9
0.1,100,172.3
0.1,100,172.8
0.1,100,173.2
0.1,100,173.7
0.1,100,174.1
0.1,100,174.6
0.1,100,175
0.1,100,175.4
0.1,100,175.8
0.1,100,176.2
0.1,100,176.7
0.1,100,177.1
0.1,100,177.5
0.1,100,177.9
0.1,100,178.3
0.1,100,178.7
0.1,100,179.1
0.1,100,179.5
0.1,100,179.9
0.1,100,180.2
0.1,100,180.6
0.1,100,181
0.1,100,181.4
0.1,100,181.7
0.1,100,182.1
0.1,100,182.5
0.1,100,182.8
0.1,100,183.2
0.1,100,183.5
0.1,100,183.9
0.1,100,184.2
0.1,100,184.6
0.1,100,184.9
0.1,100,185.3
0.1,100,185.6
0.1,100,185.9
0.1,100,186.3
0.1,100,186.6
0.1,100,186.9
0.1,100,187.2
0.1,100,187.6
0.1,100,187.9
0.1,100,188.2
0.1,100,188.5
0.1,100,188.9
0.1,100,189.2
0.1,100,189.5
0.1,100,189.8
0.1,100,190.2
0.1,100,190.5
0.1,100,190.8
0.1,100,191.1
0.1,100,191.5
0.1,100,191.8
0.1,100,192.1
0.1,100,192.4
0.1,100,192.8
0.1,100,193.1
0.1,100,193.4
0.1,100,193.7
0.1,100,194
0.1,100,194.4
0.1,100,194.7
0.1,100,195
0.1,100,195.3
0.1,100,195.6
0.1,100,195.9
0.1,100,196.3
0.1,100,196.6
0.1,100,196.9
0.1,100,197.2
0.1,100,197.5
0.1,100,197.8
0.1,100,198.1
0.1,100,198.4
0.1,100,198.7
0.1,100,199
0.1,100,199.3
0.1,100,199.6
0.1,100,199.9
0.1,100,200.2
0.1,100,200.5
0.1,100,200.8
0.1,100,201.1
0.1,100,201.4
0.1,100,201.7
0.1,100,202
0.1,100,202.3
0.1,100,202.6
0.1,100,202.9
0.1,100,203.2
0.1,100,203.5
0.1,100,203.8
0.1,100,204.1
0.1,100,204.4
0.1,100,204.7
0.1,100,205
0.1,100,205.3
0.1,100,205.6
0.1,100,205.9
0.1,100,206.2
0.1,100,206.5
0.1,100,206.8
0.1,100,207
0.1,100,207.3
0.1,100,207.6
0.1,100,207.9
0.1,100,208.2
0.1,100,208.5
0.1,100,208.8
0.1,100,209
0.1,100,209.3
0.1,100,209.6
0.1,100,209.9
0.1,100,210.1
0.1,100,210.4
0.1,100,210.7
0.1,100,210.9
0.1,100,211.2
0.1,100,211.5
0.1,100,211.7
0.1,100,212
0.1,100,212.3
0.1,100,212.5
0.1,100,212.8
0.1,100,213.1
0.1,100,213.3
0.1,100,213.6
0.1,100,213.8
0.1,100,214.1
0.1,100,214.3
0.1,100,214.6
0.1,100,214.9
0.1,100,215.1
0.1,100,215.4
0.1,100,215.6
0.1,100,215.9
0.1,100,216.1
0.1,100,216.4
0.1,100,216.6
0.1,100,216.9
0.1,100,217.1
0.1,100,217.3
0.1,100,217.6
0.1,100,217.8
0.1,100,218.1
0.1,100,218.3
0.1,100,218.5
0.1,100,218.8
0.1,100,219
0.1,100,219.2
0.1,100,219.5
0.1,100,219.7
0.1,100,219.9
0.1,100,220.1
0.1,100,220.4
0.1,100,220.6
0.1,100,220.8
0.1,100,221
0.1,100,221.2
0.1,100,221.4
0.1,100,221.6
0.1,100,221.9
0.1,100,222.1
0.1,100,222.3
0.1,100,222.5
0.1,100,222.7
0.1,100,222.9
0.1,100,223.1
0.1,100,223.3
0.1,100,223.5
0.1,100,223.7
0.1,100,223.9
0.1,100,224.1
0.1,100,224.3
0.1,100,224.4
0.1,100,224.6
0.1,100,224.8
0.1,100,225
0.1,100,225.2
0.1,100,225.4
0.1,100,225.6
0.1,100,225.7
0.1,100,225.9
0.1,100,226.1
0.1,100,226.3
0.1,100,226.5
0.1,100,226.6
0.1,100,226.8
0.1,100,227
0.1,100,227.1
0.1,100,227.3
0.1,100,227.5
0.1,100,227.6
0.1,100,227.8
0.1,100,228
0.1,100,228.1
0.1,100,228.3
0.1,100,228.5
0.1,100,228.6
0.1,100,228.8
0.1,100,228.9
0.1,100,229.1
0.1,100,229.3
0.1,100,229.4
0.1,100,229.6
0.1,100,229.7
0.1,100,229.9
0.1,100,230
0.1,100,230.2
0.1,100,230.3
0.1,100,230.5
0.1,100,230.6
0.1,100,230.8
0.1,100,230.9
0.1,100,231
0.1,100,231.2